workout_id,activity,source_name,device,start_utc,end_utc,tz_offset_min,duration_sec,distance_m,energy_kcal,avg_hr_bpm,max_hr_bpm,min_hr_bpm,has_route,route_id,start_local,end_local
6f556babe5314a4ec0002b39ece8e7e4ed49c3e6,Walking,Jason’s Apple Watch,"<<HKDevice: 0xc7faa6a30>, name:Apple Watch, manufacturer:Apple, model:Watch, hardware:Watch4,4, software:5.1.3, creation date:2019-01-24 04:30:45 +0000>",2019-02-20 22:44:28+00:00,2019-02-20 23:04:49+00:00,-360,1221.7624962329862,,,,,,False,,2019-02-20 15:44:28-07:00,2019-02-20 16:04:49-07:00
d5c652756a2ee4cac100f33ad5579d2de54316a9,Walking,Jason’s Apple Watch,"<<HKDevice: 0xc7faa6a30>, name:Apple Watch, manufacturer:Apple, model:Watch, hardware:Watch4,4, software:5.1.3, creation date:2019-01-24 04:30:45 +0000>",2019-04-12 03:02:26+00:00,2019-04-12 03:32:40+00:00,-360,1813.5018069744108,,,,,,False,,2019-04-11 21:02:26-06:00,2019-04-11 21:32:40-06:00
357a88788db6acc14167698018576c0f4814e286,Walking,Jason’s Apple Watch,"<<HKDevice: 0xc7faa6a30>, name:Apple Watch, manufacturer:Apple, model:Watch, hardware:Watch4,4, software:5.1.3, creation date:2019-01-24 04:30:45 +0000>",2019-04-12 17:59:18+00:00,2019-04-12 18:44:48+00:00,-360,2729.5689649581914,,,,,,False,,2019-04-12 11:59:18-06:00,2019-04-12 12:44:48-06:00
d20f57d752151509f754bb627cf2c5c7a6e4d0b8,Walking,Jason’s Apple Watch,"<<HKDevice: 0xc7faa4aa0>, name:Apple Watch, manufacturer:Apple, model:Watch, hardware:Watch4,4, software:5.2, creation date:2019-04-15 04:10:22 +0000>",2019-04-15 04:17:40+00:00,2019-04-15 04:51:18+00:00,-360,2018.4582149982457,,,,,,False,,2019-04-14 22:17:40-06:00,2019-04-14 22:51:18-06:00
33ea929060c6f2c01d4703ea2b4728f2d3a31357,Walking,Jason’s Apple Watch,"<<HKDevice: 0xc7faa4aa0>, name:Apple Watch, manufacturer:Apple, model:Watch, hardware:Watch4,4, software:5.2, creation date:2019-04-15 04:10:22 +0000>",2019-04-15 16:51:21+00:00,2019-04-15 17:16:54+00:00,-360,1532.193363070488,,,,,,False,,2019-04-15 10:51:21-06:00,2019-04-15 11:16:54-06:00
73b79a9eff4a81de52656cfb92977cf52033e7f6,Walking,Jason’s Apple Watch,"<<HKDevice: 0xc7faa4aa0>, name:Apple Watch, manufacturer:Apple, model:Watch, hardware:Watch4,4, software:5.2, creation date:2019-04-15 04:10:22 +0000>",2019-04-16 17:45:21+00:00,2019-04-16 18:28:50+00:00,-360,2609.1662703752518,,,,,,False,,2019-04-16 11:45:21-06:00,2019-04-16 12:28:50-06:00
3513bc5538cd49a99a407e480761158ab5fe14f7,Walking,Jason’s Apple Watch,"<<HKDevice: 0xc7faa4aa0>, name:Apple Watch, manufacturer:Apple, model:Watch, hardware:Watch4,4, software:5.2, creation date:2019-04-15 04:10:22 +0000>",2019-04-19 01:51:58+00:00,2019-04-19 02:08:30+00:00,-360,991.9048810005186,,,,,,False,,2019-04-18 19:51:58-06:00,2019-04-18 20:08:30-06:00
1a071e9f0b76f5239fef88c9bd495db29adef9f9,Running,Jason’s Apple Watch,"<<HKDevice: 0xc7faa4aa0>, name:Apple Watch, manufacturer:Apple, model:Watch, hardware:Watch4,4, software:5.2, creation date:2019-04-15 04:10:22 +0000>",2019-04-19 21:38:43+00:00,2019-04-19 22:07:43+00:00,-360,1707.9918065071104,,,,,,False,,2019-04-19 15:38:43-06:00,2019-04-19 16:07:43-06:00
5f0dbe550fc82269bd016ff192505251ffca198b,Walking,Jason’s Apple Watch,"<<HKDevice: 0xc7faa4aa0>, name:Apple Watch, manufacturer:Apple, model:Watch, hardware:Watch4,4, software:5.2, creation date:2019-04-15 04:10:22 +0000>",2019-04-20 01:57:15+00:00,2019-04-20 02:27:25+00:00,-360,1810.1452659368515,,,,,,False,,2019-04-19 19:57:15-06:00,2019-04-19 20:27:25-06:00
36e82e3ed2ba794b0cbd094f24c0c4db2e7e8346,Walking,Jason’s Apple Watch,"<<HKDevice: 0xc7faa4aa0>, name:Apple Watch, manufacturer:Apple, model:Watch, hardware:Watch4,4, software:5.2, creation date:2019-04-15 04:10:22 +0000>",2019-04-20 16:13:21+00:00,2019-04-20 16:29:26+00:00,-360,965.1062029600141,,,,,,False,,2019-04-20 10:13:21-06:00,2019-04-20 10:29:26-06:00
e935388afda4844f7d11dd2bc872d8676117ebb4,Running,Jason’s Apple Watch,"<<HKDevice: 0xc7faa4aa0>, name:Apple Watch, manufacturer:Apple, model:Watch, hardware:Watch4,4, software:5.2, creation date:2019-04-15 04:10:22 +0000>",2019-04-25 00:07:31+00:00,2019-04-25 00:36:20+00:00,-360,1721.020676255226,,,,,,False,,2019-04-24 18:07:31-06:00,2019-04-24 18:36:20-06:00
5af82b71dc2d10027adc7be60c3610c955d9d47e,Running,Jason’s Apple Watch,"<<HKDevice: 0xc7faa4aa0>, name:Apple Watch, manufacturer:Apple, model:Watch, hardware:Watch4,4, software:5.2, creation date:2019-04-15 04:10:22 +0000>",2019-04-25 22:23:01+00:00,2019-04-25 22:50:46+00:00,-360,1634.2943058013914,,,,,,False,,2019-04-25 16:23:01-06:00,2019-04-25 16:50:46-06:00
ebb63838db8644d22ffa69079d041370f1e32fc2,Walking,Jason’s Apple Watch,"<<HKDevice: 0xc7faa6da0>, name:Apple Watch, manufacturer:Apple Inc., model:Watch, hardware:Watch4,4, software:5.2.1, creation date:2019-05-24 15:56:57 +0000>",2019-06-05 01:27:39+00:00,2019-06-05 01:56:27+00:00,-360,1727.4898049831388,,,,,,False,,2019-06-04 19:27:39-06:00,2019-06-04 19:56:27-06:00
1915d270b45e910bf866b05898b0de8455753213,Running,Jason’s Apple Watch,"<<HKDevice: 0xc7faa6da0>, name:Apple Watch, manufacturer:Apple Inc., model:Watch, hardware:Watch4,4, software:5.2.1, creation date:2019-05-24 15:56:57 +0000>",2019-07-08 00:03:43+00:00,2019-07-08 00:33:22+00:00,-360,1775.079075336456,,,,,,False,,2019-07-07 18:03:43-06:00,2019-07-07 18:33:22-06:00
60ca8bf3711b0eb0fd694349aa79b4a4566aec52,Walking,Jason’s Apple Watch,"<<HKDevice: 0xc7faa6350>, name:Apple Watch, manufacturer:Apple Inc., model:Watch, hardware:Watch4,4, software:5.3.1, creation date:2019-09-06 06:33:22 +0000>",2019-09-06 15:15:20+00:00,2019-09-06 15:31:46+00:00,-360,985.4943892955778,,,,,,False,,2019-09-06 09:15:20-06:00,2019-09-06 09:31:46-06:00
e1a7a0ed97e188cb67c4b9e92fe405c6fc593e77,Walking,Jason’s Apple Watch,"<<HKDevice: 0xc7faa6350>, name:Apple Watch, manufacturer:Apple Inc., model:Watch, hardware:Watch4,4, software:5.3.1, creation date:2019-09-06 06:33:22 +0000>",2019-09-19 01:45:50+00:00,2019-09-19 04:26:53+00:00,-360,1004.6438599824907,,,,,,False,,2019-09-18 19:45:50-06:00,2019-09-18 22:26:53-06:00
4de180527d5daef5eafe34088594704792187036,Running,Peloton,,2019-12-13 23:28:26+00:00,2019-12-13 23:28:35+00:00,-360,9.0,,,,,,False,,2019-12-13 16:28:26-07:00,2019-12-13 16:28:35-07:00
dd7fe0b7dbb109f8ade119ce89fbf6ade48f8869,Running,Peloton,,2020-01-02 03:49:39+00:00,2020-01-02 03:49:46+00:00,-360,7.000000000000002,,,,,,False,,2020-01-01 20:49:39-07:00,2020-01-01 20:49:46-07:00
3f8090453c390656275f86f4e835cf80eb2148c4,Running,Peloton,,2020-01-02 04:47:03+00:00,2020-01-02 05:17:03+00:00,-360,1800.0,,,,,,False,,2020-01-01 21:47:03-07:00,2020-01-01 22:17:03-07:00
a25f558b78c2a5490f99298b73c6e56ce84dd195,Walking,Jason’s Apple Watch,"<<HKDevice: 0xc7faa7c50>, name:Apple Watch, manufacturer:Apple Inc., model:Watch, hardware:Watch4,4, software:6.1.1, creation date:2019-12-12 09:29:46 +0000>",2020-01-02 04:45:16+00:00,2020-01-02 05:17:26+00:00,-360,1930.75188601017,,,,,,False,,2020-01-01 21:45:16-07:00,2020-01-01 22:17:26-07:00
1452356f26c73dabe2aabfe1082ece9c091e69fe,Running,Peloton,,2020-01-03 02:34:58+00:00,2020-01-03 02:54:58+00:00,-360,1200.0,,,,,,False,,2020-01-02 19:34:58-07:00,2020-01-02 19:54:58-07:00
d9e27b2428261ca662dc3a6fb3f753219b05081f,Running,Jason’s Apple Watch,"<<HKDevice: 0xc7faa7c50>, name:Apple Watch, manufacturer:Apple Inc., model:Watch, hardware:Watch4,4, software:6.1.1, creation date:2019-12-12 09:29:46 +0000>",2020-01-03 02:35:48+00:00,2020-01-03 02:55:35+00:00,-360,1157.8005394935606,,,,,,False,,2020-01-02 19:35:48-07:00,2020-01-02 19:55:35-07:00
b39671b4222311cef47e6a387ed173fa6f105398,Yoga,Peloton,,2020-01-04 05:03:12+00:00,2020-01-04 05:03:35+00:00,-360,23.000000000000004,,,,,,False,,2020-01-03 22:03:12-07:00,2020-01-03 22:03:35-07:00
3df6a06ef8edf26f963862530f46aaa46ff02776,Yoga,Peloton,,2020-01-04 05:04:22+00:00,2020-01-04 05:09:22+00:00,-360,300.0,,,,,,False,,2020-01-03 22:04:22-07:00,2020-01-03 22:09:22-07:00
a3f7190fbb52a4ea7c8762c7e921c2cd80ed4278,Yoga,Peloton,,2020-01-04 05:11:04+00:00,2020-01-04 05:16:04+00:00,-360,300.0,,,,,,False,,2020-01-03 22:11:04-07:00,2020-01-03 22:16:04-07:00
edfea7f06ddd1928b4a8901b92389db67a514edf,Walking,Peloton,,2020-01-05 04:45:12+00:00,2020-01-05 05:15:12+00:00,-360,1800.0,,,,,,False,,2020-01-04 21:45:12-07:00,2020-01-04 22:15:12-07:00
f93f126711ec2ee03d32965b4dfaad640a59f88c,Running,Jason’s Apple Watch,"<<HKDevice: 0xc7faa7c50>, name:Apple Watch, manufacturer:Apple Inc., model:Watch, hardware:Watch4,4, software:6.1.1, creation date:2019-12-12 09:29:46 +0000>",2020-01-05 05:09:58+00:00,2020-01-05 05:17:24+00:00,-360,442.3838336467743,,,,,,False,,2020-01-04 22:09:58-07:00,2020-01-04 22:17:24-07:00
a0306ad441b42c7effb0791636357d665d7bf665,PreparationAndRecovery,Peloton,,2020-01-05 07:08:57+00:00,2020-01-05 07:18:57+00:00,-360,600.0,,,,,,False,,2020-01-05 00:08:57-07:00,2020-01-05 00:18:57-07:00
3d75eeb65c21c0ad1433643246affdb1c07d256d,Running,Peloton,,2020-01-06 01:31:53+00:00,2020-01-06 02:01:53+00:00,-360,1800.0,,,,,,False,,2020-01-05 18:31:53-07:00,2020-01-05 19:01:53-07:00
056c9d61ae8941736e9f5e9c328f036494ed7878,Running,Peloton,,2020-01-07 04:46:58+00:00,2020-01-07 05:16:58+00:00,-360,1800.0,,,,,,False,,2020-01-06 21:46:58-07:00,2020-01-06 22:16:58-07:00
5bb4033c307e6ac522471fec82a77d4a4ea0cacb,Running,Jason’s Apple Watch,"<<HKDevice: 0xc7faa7c50>, name:Apple Watch, manufacturer:Apple Inc., model:Watch, hardware:Watch4,4, software:6.1.1, creation date:2019-12-12 09:29:46 +0000>",2020-01-07 04:50:10+00:00,2020-01-07 05:17:17+00:00,-360,1582.2080385684965,,,,,,False,,2020-01-06 21:50:10-07:00,2020-01-06 22:17:17-07:00
acdbb5961c1929bd8804ad09bc5e990989001565,Running,Peloton,,2020-01-08 01:19:17+00:00,2020-01-08 01:49:17+00:00,-360,1800.0,,,,,,False,,2020-01-07 18:19:17-07:00,2020-01-07 18:49:17-07:00
9d1e5482c0ecb3f01aa007fa9beddefd12351df1,Running,Jason’s Apple Watch,"<<HKDevice: 0xc7faa7c50>, name:Apple Watch, manufacturer:Apple Inc., model:Watch, hardware:Watch4,4, software:6.1.1, creation date:2019-12-12 09:29:46 +0000>",2020-01-08 01:20:22+00:00,2020-01-08 01:49:41+00:00,-360,1721.0884512662885,,,,,,False,,2020-01-07 18:20:22-07:00,2020-01-07 18:49:41-07:00
ab1a6ad0ce44136925f9837a1bd377f7c7732ea9,Running,Peloton,,2020-01-10 05:43:48+00:00,2020-01-10 06:13:48+00:00,-360,1800.0,,,,,,False,,2020-01-09 22:43:48-07:00,2020-01-09 23:13:48-07:00
a96d52b8931ae0247852787f30a28a7df69877d3,Running,Jason’s Apple Watch,"<<HKDevice: 0xc7faa7c50>, name:Apple Watch, manufacturer:Apple Inc., model:Watch, hardware:Watch4,4, software:6.1.1, creation date:2019-12-12 09:29:46 +0000>",2020-01-10 05:44:00+00:00,2020-01-10 06:16:14+00:00,-360,1680.8453238010409,,,,,,False,,2020-01-09 22:44:00-07:00,2020-01-09 23:16:14-07:00
87bd5a7c6c15d638ecbab847881e8d2f3b707f17,Yoga,Peloton,,2020-01-11 03:24:40+00:00,2020-01-11 03:34:40+00:00,-360,600.0,,,,,,False,,2020-01-10 20:24:40-07:00,2020-01-10 20:34:40-07:00
3672eced6506ab7ae91a6f25fe03d617c834b1bc,Running,Peloton,,2020-01-12 04:29:37+00:00,2020-01-12 04:37:55+00:00,-360,498.00000000000006,,,,,,False,,2020-01-11 21:29:37-07:00,2020-01-11 21:37:55-07:00
b369404499baaab5bcd9e8112c13a7c4da85f2d1,Running,Peloton,,2020-03-08 23:30:48+00:00,2020-03-08 23:50:48+00:00,-360,1200.0,,,,,,False,,2020-03-08 17:30:48-06:00,2020-03-08 17:50:48-06:00
97a1bb5f79e5524eccfe551fe5f25e4ca4a1b6bd,Walking,Peloton,,2020-03-20 23:14:07+00:00,2020-03-20 23:34:07+00:00,-360,1200.0,,,,,,False,,2020-03-20 17:14:07-06:00,2020-03-20 17:34:07-06:00
04c1b4631f09578842a154f96cf9ee54982dbd0d,PreparationAndRecovery,Peloton,,2020-04-14 05:12:53+00:00,2020-04-14 05:17:53+00:00,-360,300.0,,,,,,False,,2020-04-13 23:12:53-06:00,2020-04-13 23:17:53-06:00
486aedea8e45661b2eebeffe11b9719a8bb894e6,Walking,Peloton,,2020-07-06 02:04:55+00:00,2020-07-06 02:24:55+00:00,-360,1200.0,,,,,,False,,2020-07-05 20:04:55-06:00,2020-07-05 20:24:55-06:00
f3631cb4d56109866caf941fae0bf988d2999c1f,Running,Peloton,,2020-08-20 01:58:36+00:00,2020-08-20 02:28:36+00:00,-360,1800.0,,,,,,False,,2020-08-19 19:58:36-06:00,2020-08-19 20:28:36-06:00
a3bb47e645a699466b481e5dc291f19875fb1eb9,Walking,Jason’s Apple Watch,"<<HKDevice: 0xc7faa5770>, name:Apple Watch, manufacturer:Apple Inc., model:Watch, hardware:Watch4,4, software:6.2.6, creation date:2020-06-03 06:26:13 +0000>",2020-09-21 23:17:06+00:00,2020-09-22 00:08:46+00:00,-360,3100.4978170394897,,,,,,False,,2020-09-21 17:17:06-06:00,2020-09-21 18:08:46-06:00
e5a06c4c37e0cd2472163c63be96dbea464506f7,Walking,Jason’s Apple Watch,"<<HKDevice: 0xc7faa5770>, name:Apple Watch, manufacturer:Apple Inc., model:Watch, hardware:Watch4,4, software:6.2.6, creation date:2020-06-03 06:26:13 +0000>",2020-10-30 13:41:42+00:00,2020-10-30 14:23:21+00:00,-360,2499.2035785913467,,,,,,True,8ccf2fe2fe70ce8ef279bccd42366c16f15856bb,2020-10-30 07:41:42-06:00,2020-10-30 08:23:21-06:00
98ca594883ea197cd123767f180760572e8b261c,Walking,Jason’s Apple Watch,"<<HKDevice: 0xc7faa7520>, name:Apple Watch, manufacturer:Apple Inc., model:Watch, hardware:Watch4,4, software:7.0.2, creation date:2020-11-01 22:48:51 +0000>",2020-11-03 16:59:30+00:00,2020-11-03 17:41:49+00:00,-360,2538.364967942238,,,,,,True,5ad59a6bcb583b14affaefe82ec9602f4867753f,2020-11-03 09:59:30-07:00,2020-11-03 10:41:49-07:00
a905d669b54b47d14e12cd0e67bf0bcc0d123b1d,Walking,Jason’s Apple Watch,"<<HKDevice: 0xc7faa7520>, name:Apple Watch, manufacturer:Apple Inc., model:Watch, hardware:Watch4,4, software:7.0.2, creation date:2020-11-01 22:48:51 +0000>",2020-11-04 15:58:35+00:00,2020-11-04 16:50:39+00:00,-360,3124.173413991928,,,,,,True,659979298e37fc805f7b341ee28a7bea9ea7cd5c,2020-11-04 08:58:35-07:00,2020-11-04 09:50:39-07:00
705c516340673f2f150db794991e993d44898b3c,Walking,Jason’s Apple Watch,"<<HKDevice: 0xc7faa7520>, name:Apple Watch, manufacturer:Apple Inc., model:Watch, hardware:Watch4,4, software:7.0.2, creation date:2020-11-01 22:48:51 +0000>",2020-11-06 18:13:41+00:00,2020-11-06 18:59:35+00:00,-360,2754.0674026012425,,,,,,True,601ab9e2dbab74f16e163377c0b17ac3b4a251db,2020-11-06 11:13:41-07:00,2020-11-06 11:59:35-07:00
c9fb37511b1a17279463cc8051c720e090fe91ea,Walking,Jason’s Apple Watch,"<<HKDevice: 0xc7faa4730>, name:Apple Watch, manufacturer:Apple Inc., model:Watch, hardware:Watch4,4, software:7.1, creation date:2020-11-08 10:25:41 +0000>",2020-11-08 17:09:16+00:00,2020-11-08 17:53:12+00:00,-360,2636.3565380573273,,,,,,True,d9b58c6c37aff11f4fd20fe448ca5b1ff7e88154,2020-11-08 10:09:16-07:00,2020-11-08 10:53:12-07:00
57956150c7e3ade8a92cbbacd682337bf15c5f77,Walking,Jason’s Apple Watch,"<<HKDevice: 0xc7faa4730>, name:Apple Watch, manufacturer:Apple Inc., model:Watch, hardware:Watch4,4, software:7.1, creation date:2020-11-08 10:25:41 +0000>",2020-11-13 20:18:46+00:00,2020-11-13 21:00:28+00:00,-360,2502.185158610344,,,,,,True,94e5951cd99ea53ae74961bffee8987797ecaf3f,2020-11-13 13:18:46-07:00,2020-11-13 14:00:28-07:00
b72b700cd7e743952f574e1a6581d0b7acef2371,Walking,Jason’s Apple Watch,"<<HKDevice: 0xc7faa4730>, name:Apple Watch, manufacturer:Apple Inc., model:Watch, hardware:Watch4,4, software:7.1, creation date:2020-11-08 10:25:41 +0000>",2020-11-15 20:26:30+00:00,2020-11-15 21:01:55+00:00,-360,2124.967124938965,,,,,,True,46c22d675a2dfcfa83d6a5efba65ad3b131a20c3,2020-11-15 13:26:30-07:00,2020-11-15 14:01:55-07:00
c662641c35f763dfc7173d5f5474260162bf4aa2,Walking,Jason’s Apple Watch,"<<HKDevice: 0xc7faa4730>, name:Apple Watch, manufacturer:Apple Inc., model:Watch, hardware:Watch4,4, software:7.1, creation date:2020-11-08 10:25:41 +0000>",2020-11-16 20:38:48+00:00,2020-11-16 21:27:20+00:00,-360,2911.4585258960724,,,,,,False,,2020-11-16 13:38:48-07:00,2020-11-16 14:27:20-07:00
368a43c0f1b203d57ea945df584c88b4c1e7931d,Walking,Jason’s Apple Watch,"<<HKDevice: 0xc7faa4730>, name:Apple Watch, manufacturer:Apple Inc., model:Watch, hardware:Watch4,4, software:7.1, creation date:2020-11-08 10:25:41 +0000>",2020-11-17 23:45:23+00:00,2020-11-18 00:35:45+00:00,-360,3022.3805898427963,,,,,,True,7b8d4596ec7c6d9e798f4471c9c8d00417981523,2020-11-17 16:45:23-07:00,2020-11-17 17:35:45-07:00
ab325159f2c78229ac349339fde402145c83c897,Walking,Jason’s Apple Watch,"<<HKDevice: 0xc7faa4730>, name:Apple Watch, manufacturer:Apple Inc., model:Watch, hardware:Watch4,4, software:7.1, creation date:2020-11-08 10:25:41 +0000>",2020-11-18 23:35:03+00:00,2020-11-19 00:20:15+00:00,-360,2712.5126765966415,,,,,,True,44399db6ae2bbfd0ecc39b27487639d27d3a0c62,2020-11-18 16:35:03-07:00,2020-11-18 17:20:15-07:00
dc10654564aad7f066f5d33976f3bc27495140cc,Walking,Jason’s Apple Watch,"<<HKDevice: 0xc7faa4730>, name:Apple Watch, manufacturer:Apple Inc., model:Watch, hardware:Watch4,4, software:7.1, creation date:2020-11-08 10:25:41 +0000>",2020-11-19 19:05:48+00:00,2020-11-19 19:44:01+00:00,-360,2292.8964320421214,,,,,,True,4270127d0f72a509df96b0f86da5bef5dca4b302,2020-11-19 12:05:48-07:00,2020-11-19 12:44:01-07:00
b1e791f1881606e83f31326e056c2a4058c3f3a7,Walking,Jason’s Apple Watch,"<<HKDevice: 0xc7faa4730>, name:Apple Watch, manufacturer:Apple Inc., model:Watch, hardware:Watch4,4, software:7.1, creation date:2020-11-08 10:25:41 +0000>",2020-11-20 18:25:58+00:00,2020-11-20 18:54:07+00:00,-360,1688.2961360216143,,,,,,True,6f982954f02173532d8ccd33ce335a00ef917671,2020-11-20 11:25:58-07:00,2020-11-20 11:54:07-07:00
c4874ab21111728b37213910f6367ac0da5fc697,Walking,Jason’s Apple Watch,"<<HKDevice: 0xc7faa67b0>, name:Apple Watch, manufacturer:Apple Inc., model:Watch, hardware:Watch6,4, software:7.1, creation date:2020-11-23 20:30:58 +0000>",2020-12-01 21:01:58+00:00,2020-12-01 21:50:14+00:00,-360,2895.793336987496,,,,,,True,69b7eaa71725d87266d3897188e8b8ff5d0fdd66,2020-12-01 14:01:58-07:00,2020-12-01 14:50:14-07:00
223f1638daace74cb5362211e8d9a250d5f3280a,Walking,Jason’s Apple Watch,"<<HKDevice: 0xc7faa67b0>, name:Apple Watch, manufacturer:Apple Inc., model:Watch, hardware:Watch6,4, software:7.1, creation date:2020-11-23 20:30:58 +0000>",2020-12-03 23:12:44+00:00,2020-12-03 23:49:52+00:00,-360,2227.413686990738,,,,,,True,d6724c5b1357f18d61aca1b7e51577bbe499dfba,2020-12-03 16:12:44-07:00,2020-12-03 16:49:52-07:00
bb5004941a6252b82ac50ba058f3c2566d7eb250,Walking,Jason’s Apple Watch,"<<HKDevice: 0xc7faa5900>, name:Apple Watch, manufacturer:Apple Inc., model:Watch, hardware:Watch6,4, software:7.2, creation date:2020-12-15 06:18:15 +0000>",2021-01-07 18:05:09+00:00,2021-01-07 18:44:36+00:00,-360,2367.826528906822,,,,,,True,f94f1e8bde96aca3cb5756fa822689d5b9c43515,2021-01-07 11:05:09-07:00,2021-01-07 11:44:36-07:00
341021c1ed727b50f614712fe263d73e61cd7910,Walking,Jason’s Apple Watch,"<<HKDevice: 0xc7faa5900>, name:Apple Watch, manufacturer:Apple Inc., model:Watch, hardware:Watch6,4, software:7.2, creation date:2020-12-15 06:18:15 +0000>",2021-01-08 19:13:11+00:00,2021-01-08 19:48:15+00:00,-360,2103.672325015068,,,,,,True,27327abf02b333d5b2cdab0b1fee28bcd71d4620,2021-01-08 12:13:11-07:00,2021-01-08 12:48:15-07:00
4d8910f446f48f6455a2b1a3ddac6703d774f50a,Running,Jason’s Apple Watch,"<<HKDevice: 0xc7faa5900>, name:Apple Watch, manufacturer:Apple Inc., model:Watch, hardware:Watch6,4, software:7.2, creation date:2020-12-15 06:18:15 +0000>",2021-01-12 19:21:55+00:00,2021-01-12 19:50:11+00:00,-360,1695.9145735502243,,,,,,True,751fb7364f4ad0f67c37f5e56cef61787de2f4e9,2021-01-12 12:21:55-07:00,2021-01-12 12:50:11-07:00
c3c9ee6d2fc635f6cad7b4904155e4a3ede6a7b3,Walking,Jason’s Apple Watch,"<<HKDevice: 0xc7faa5900>, name:Apple Watch, manufacturer:Apple Inc., model:Watch, hardware:Watch6,4, software:7.2, creation date:2020-12-15 06:18:15 +0000>",2021-01-13 18:59:24+00:00,2021-01-13 21:31:46+00:00,-360,2509.3520859479904,,,,,,True,7fef1ac22a7b0033c4f4b4f120c175097f2c4a1e,2021-01-13 11:59:24-07:00,2021-01-13 14:31:46-07:00
9e2d6a6744515d17f433e830476f668222d9ce7c,Running,Jason’s Apple Watch,"<<HKDevice: 0xc7faa5900>, name:Apple Watch, manufacturer:Apple Inc., model:Watch, hardware:Watch6,4, software:7.2, creation date:2020-12-15 06:18:15 +0000>",2021-01-14 23:52:26+00:00,2021-01-15 00:33:14+00:00,-360,2338.458873033523,,,,,,True,e2bcd6f665668446f81f6717899f6fc4dfaaf128,2021-01-14 16:52:26-07:00,2021-01-14 17:33:14-07:00
a238bfebb325389615312fdd7011dc4fd79cc204,Running,Jason’s Apple Watch,"<<HKDevice: 0xc7faa5900>, name:Apple Watch, manufacturer:Apple Inc., model:Watch, hardware:Watch6,4, software:7.2, creation date:2020-12-15 06:18:15 +0000>",2021-01-15 20:36:21+00:00,2021-01-15 21:09:31+00:00,-360,1989.8351360559464,,,,,,True,d7a746a7c687431e424d0efcad7d0f957f4a26ab,2021-01-15 13:36:21-07:00,2021-01-15 14:09:31-07:00
b200f2da683e76f83b7769e6ca51f01215426881,Running,Jason’s Apple Watch,"<<HKDevice: 0xc7faa5900>, name:Apple Watch, manufacturer:Apple Inc., model:Watch, hardware:Watch6,4, software:7.2, creation date:2020-12-15 06:18:15 +0000>",2021-01-19 22:12:58+00:00,2021-01-19 22:41:08+00:00,-360,1689.402498960495,,,,,,True,97f4ef884990da4fb9665360d40f9e960c38a040,2021-01-19 15:12:58-07:00,2021-01-19 15:41:08-07:00
0d1b8697debc0120603da2984694f78175799cf3,Walking,Jason’s Apple Watch,"<<HKDevice: 0xc7faa5900>, name:Apple Watch, manufacturer:Apple Inc., model:Watch, hardware:Watch6,4, software:7.2, creation date:2020-12-15 06:18:15 +0000>",2021-01-20 18:21:52+00:00,2021-01-20 19:01:15+00:00,-360,2362.938174009323,,,,,,True,c339a40326c24fcc8b01f12565e10b8f8252f232,2021-01-20 11:21:52-07:00,2021-01-20 12:01:15-07:00
d6edb0e465d0a08d8c2469c28b6b586d12cf1dfa,Walking,Jason’s Apple Watch,"<<HKDevice: 0xc7faa5900>, name:Apple Watch, manufacturer:Apple Inc., model:Watch, hardware:Watch6,4, software:7.2, creation date:2020-12-15 06:18:15 +0000>",2021-01-22 17:53:01+00:00,2021-01-22 18:33:28+00:00,-360,2427.2970969676967,,,,,,True,0ee19d18c139d2b98c2c4dcf7233f891ce834ec4,2021-01-22 10:53:01-07:00,2021-01-22 11:33:28-07:00
7f00689f5a4449e086af9f8079db68ad3da41f4b,Running,Jason’s Apple Watch,"<<HKDevice: 0xc7faa5900>, name:Apple Watch, manufacturer:Apple Inc., model:Watch, hardware:Watch6,4, software:7.2, creation date:2020-12-15 06:18:15 +0000>",2021-01-24 23:06:28+00:00,2021-01-24 23:32:49+00:00,-360,1581.8423800468447,,,,,,True,59715d96a9fccdda64331d0332dbb2d1f0c5d538,2021-01-24 16:06:28-07:00,2021-01-24 16:32:49-07:00
29c2527f32315178d562bd20776e7022e4772b9b,Running,Jason’s Apple Watch,"<<HKDevice: 0xc7faa6120>, name:Apple Watch, manufacturer:Apple Inc., model:Watch, hardware:Watch6,4, software:7.3, creation date:2021-01-30 04:34:50 +0000>",2021-02-01 19:00:54+00:00,2021-02-01 19:31:31+00:00,-360,1572.6470949649813,,,,,,True,dda4e1c71b567680d50ccca1d088671e60acfed5,2021-02-01 12:00:54-07:00,2021-02-01 12:31:31-07:00
7615595dc8ff12b37500ad4855a4c1efe15cef57,Walking,Jason’s Apple Watch,"<<HKDevice: 0xc7faa6120>, name:Apple Watch, manufacturer:Apple Inc., model:Watch, hardware:Watch6,4, software:7.3, creation date:2021-01-30 04:34:50 +0000>",2021-02-02 20:18:33+00:00,2021-02-02 21:13:07+00:00,-360,3273.7701910734177,,,,,,True,d35a3059296fc13c3cd0e8a90e09f9f94dab7487,2021-02-02 13:18:33-07:00,2021-02-02 14:13:07-07:00
a1de1743219b0968ae98022fefd55b0186cd34fa,Walking,Jason’s Apple Watch,"<<HKDevice: 0xc7faa6120>, name:Apple Watch, manufacturer:Apple Inc., model:Watch, hardware:Watch6,4, software:7.3, creation date:2021-01-30 04:34:50 +0000>",2021-02-03 21:58:16+00:00,2021-02-03 22:49:29+00:00,-360,3027.367712020874,,,,,,True,70f27845f6b5c8c32bc79c7235cf166b5eeb8925,2021-02-03 14:58:16-07:00,2021-02-03 15:49:29-07:00
c86dd3464694c339e47c51ea59569192e48524ab,Walking,Jason’s Apple Watch,"<<HKDevice: 0xc7faa6120>, name:Apple Watch, manufacturer:Apple Inc., model:Watch, hardware:Watch6,4, software:7.3, creation date:2021-01-30 04:34:50 +0000>",2021-02-21 20:35:01+00:00,2021-02-21 21:12:20+00:00,-360,2239.846552968025,,,,,,True,4b5307d3e65ffcea9bf40875749d4afa649c630c,2021-02-21 13:35:01-07:00,2021-02-21 14:12:20-07:00
eb4232846b8de2977d967a45df969e4d2a2021ab,Walking,Jason’s Apple Watch,"<<HKDevice: 0xc7faa6120>, name:Apple Watch, manufacturer:Apple Inc., model:Watch, hardware:Watch6,4, software:7.3, creation date:2021-01-30 04:34:50 +0000>",2021-02-24 17:57:17+00:00,2021-02-24 18:38:41+00:00,-360,2484.5022419691086,,,,,,True,ceabfa5d08d218bbf68f0f13b0da20e30fc29ead,2021-02-24 10:57:17-07:00,2021-02-24 11:38:41-07:00
607cd1c4fc207bb1f29da72f53d8bbebf14846df,Walking,Jason’s Apple Watch,"<<HKDevice: 0xc7faa6120>, name:Apple Watch, manufacturer:Apple Inc., model:Watch, hardware:Watch6,4, software:7.3, creation date:2021-01-30 04:34:50 +0000>",2021-03-01 19:59:33+00:00,2021-03-01 20:24:12+00:00,-360,1479.0362809896467,,,,,,True,c57533d5041cf1e7c235b58cdce9381dc8684b3b,2021-03-01 12:59:33-07:00,2021-03-01 13:24:12-07:00
35e05ea837a8830a58fedf1ab13c621e18c37d33,Walking,Jason’s Apple Watch,"<<HKDevice: 0xc7faa6120>, name:Apple Watch, manufacturer:Apple Inc., model:Watch, hardware:Watch6,4, software:7.3, creation date:2021-01-30 04:34:50 +0000>",2021-03-05 19:01:54+00:00,2021-03-05 19:41:39+00:00,-360,2385.5627850294113,,,,,,True,9040a800522e08ae7a5b6b2e4e109098ca3d8d38,2021-03-05 12:01:54-07:00,2021-03-05 12:41:39-07:00
2d013a85e03881c590794a828002537866fe2575,Walking,Jason’s Apple Watch,"<<HKDevice: 0xc7faa6120>, name:Apple Watch, manufacturer:Apple Inc., model:Watch, hardware:Watch6,4, software:7.3, creation date:2021-01-30 04:34:50 +0000>",2021-03-06 20:06:23+00:00,2021-03-06 20:45:24+00:00,-360,2341.2304489612575,,,,,,True,dfe634184b2f0f6d56a0c328d70130e115c0120f,2021-03-06 13:06:23-07:00,2021-03-06 13:45:24-07:00
f360013a99358bf2055019e8e37f844b65286aad,Walking,Jason’s Apple Watch,"<<HKDevice: 0xc7faa6120>, name:Apple Watch, manufacturer:Apple Inc., model:Watch, hardware:Watch6,4, software:7.3, creation date:2021-01-30 04:34:50 +0000>",2021-03-08 21:40:47+00:00,2021-03-08 22:47:35+00:00,-360,4007.7009959220886,,,,,,True,71a1ce8c7998cd0137f08ea44dc8cacc91817c45,2021-03-08 14:40:47-07:00,2021-03-08 15:47:35-07:00
d6b96249b9a0877b352bdbfa906dac41cb04ff26,Walking,Jason’s Apple Watch,"<<HKDevice: 0xc7faa6120>, name:Apple Watch, manufacturer:Apple Inc., model:Watch, hardware:Watch6,4, software:7.3, creation date:2021-01-30 04:34:50 +0000>",2021-03-10 19:36:45+00:00,2021-03-10 20:15:38+00:00,-360,2333.536733031273,,,,,,True,eac628753522579600a4e99736e7ae78e7bdf4d8,2021-03-10 12:36:45-07:00,2021-03-10 13:15:38-07:00
394e7920ff85ddbf3b40d04a05e77677d4f4e030,Walking,Jason’s Apple Watch,"<<HKDevice: 0xc7faa59f0>, name:Apple Watch, manufacturer:Apple Inc., model:Watch, hardware:Watch6,4, software:7.3.2, creation date:2021-03-11 04:05:39 +0000>",2021-03-18 18:34:13+00:00,2021-03-18 19:16:52+00:00,-360,2559.043247938156,,,,,,True,f235e6c2bf800f637763458e8cdaf8c5c3c9ae84,2021-03-18 12:34:13-06:00,2021-03-18 13:16:52-06:00
2ccbd3e2c477a3337d54fd20a6cdc1c6c2ad0258,Walking,Jason’s Apple Watch,"<<HKDevice: 0xc7faa59f0>, name:Apple Watch, manufacturer:Apple Inc., model:Watch, hardware:Watch6,4, software:7.3.2, creation date:2021-03-11 04:05:39 +0000>",2021-03-23 20:33:55+00:00,2021-03-23 21:25:56+00:00,-360,3120.4629579782486,,,,,,True,4cfc91405df3486f53f606d2bf0e22b7c2fd8df1,2021-03-23 14:33:55-06:00,2021-03-23 15:25:56-06:00
a6edf7b3ea521eec3e086a90a98bc5809c257b0b,Walking,Jason’s Apple Watch,"<<HKDevice: 0xc7faa59f0>, name:Apple Watch, manufacturer:Apple Inc., model:Watch, hardware:Watch6,4, software:7.3.2, creation date:2021-03-11 04:05:39 +0000>",2021-03-27 19:20:17+00:00,2021-03-27 20:14:26+00:00,-360,3249.346832036972,,,,,,True,e859db302dccf889e2001a0d6cb1a0f1fff6168b,2021-03-27 13:20:17-06:00,2021-03-27 14:14:26-06:00
72558a45b7f422b5627dba3ddcc24e326c762098,Walking,Jason’s Apple Watch,"<<HKDevice: 0xc7faa6df0>, name:Apple Watch, manufacturer:Apple Inc., model:Watch, hardware:Watch6,4, software:7.3.3, creation date:2021-03-30 02:05:52 +0000>",2021-03-30 19:42:18+00:00,2021-03-30 20:19:17+00:00,-360,2218.805763959885,,,,,,True,2e14df9df73ea7957f9ea6c33937472607177824,2021-03-30 13:42:18-06:00,2021-03-30 14:19:17-06:00
4e5f71c05f4673da47218dad35f32a6437720ef2,Walking,Jason’s Apple Watch,"<<HKDevice: 0xc7faa6df0>, name:Apple Watch, manufacturer:Apple Inc., model:Watch, hardware:Watch6,4, software:7.3.3, creation date:2021-03-30 02:05:52 +0000>",2021-04-06 16:29:30+00:00,2021-04-06 17:11:50+00:00,-360,2539.752300977707,,,,,,True,418922f86c0b31b0f030a8d7e21a2d3bd55b309c,2021-04-06 10:29:30-06:00,2021-04-06 11:11:50-06:00
f47c9ee5b4ee3b4da9ce7220922ad1c9bc6c22b5,Walking,Jason’s Apple Watch,"<<HKDevice: 0xc7faa6df0>, name:Apple Watch, manufacturer:Apple Inc., model:Watch, hardware:Watch6,4, software:7.3.3, creation date:2021-03-30 02:05:52 +0000>",2021-04-07 21:59:21+00:00,2021-04-07 22:40:34+00:00,-360,2473.2006191015244,,,,,,True,36e308c87d166a4426ab9ef5327e6c9fdeb77ec2,2021-04-07 15:59:21-06:00,2021-04-07 16:40:34-06:00
bf0e21a040ade91bc8c67b7c4182d313bf63c896,Walking,Jason’s Apple Watch,"<<HKDevice: 0xc7faa6df0>, name:Apple Watch, manufacturer:Apple Inc., model:Watch, hardware:Watch6,4, software:7.3.3, creation date:2021-03-30 02:05:52 +0000>",2021-04-08 22:38:21+00:00,2021-04-08 23:16:43+00:00,-360,2302.1745250225067,,,,,,True,21b88e9e2afe73cb9bb98ce8c35b1ddccf606a68,2021-04-08 16:38:21-06:00,2021-04-08 17:16:43-06:00
0068ab369cdf0145f428980ae349db6231f84e3c,Walking,Jason’s Apple Watch,"<<HKDevice: 0xc7faa6df0>, name:Apple Watch, manufacturer:Apple Inc., model:Watch, hardware:Watch6,4, software:7.3.3, creation date:2021-03-30 02:05:52 +0000>",2021-04-10 17:14:41+00:00,2021-04-10 18:03:57+00:00,-360,2955.593310952187,,,,,,True,3ac1cf2eb34a1563bd9ec388c8f06466e2c11621,2021-04-10 11:14:41-06:00,2021-04-10 12:03:57-06:00
75c20c8eecb414eaa24441114c2fec5ffb5d117c,Walking,Jason’s Apple Watch,"<<HKDevice: 0xc7faa6df0>, name:Apple Watch, manufacturer:Apple Inc., model:Watch, hardware:Watch6,4, software:7.3.3, creation date:2021-03-30 02:05:52 +0000>",2021-04-11 20:33:35+00:00,2021-04-11 21:15:51+00:00,-360,2535.7459239959717,,,,,,True,e6292672755458087cd3d73406c5ad0728d3f6db,2021-04-11 14:33:35-06:00,2021-04-11 15:15:51-06:00
c23b316cdf5f226d35717c65203fb845c26b8f0c,Walking,Jason’s Apple Watch,"<<HKDevice: 0xc7faa6df0>, name:Apple Watch, manufacturer:Apple Inc., model:Watch, hardware:Watch6,4, software:7.3.3, creation date:2021-03-30 02:05:52 +0000>",2021-04-12 20:36:57+00:00,2021-04-12 21:50:46+00:00,-360,2662.5273529291153,,,,,,True,2a0e35797e200cbc6e8ea9fc658c8448f864998e,2021-04-12 14:36:57-06:00,2021-04-12 15:50:46-06:00
67eb12ea62c786a64a7cc208ed8c53a0a66d0611,Walking,Jason’s Apple Watch,"<<HKDevice: 0xc7faa6df0>, name:Apple Watch, manufacturer:Apple Inc., model:Watch, hardware:Watch6,4, software:7.3.3, creation date:2021-03-30 02:05:52 +0000>",2021-04-23 22:03:20+00:00,2021-04-23 22:37:35+00:00,-360,2054.255457639694,,,,,,True,50653d53b2b2f133cb4e6764161761fe956ad689,2021-04-23 16:03:20-06:00,2021-04-23 16:37:35-06:00
2ead7aa5a4781e3de5123df331689ec982d508a3,Walking,Jason’s Apple Watch,"<<HKDevice: 0xc7faa6df0>, name:Apple Watch, manufacturer:Apple Inc., model:Watch, hardware:Watch6,4, software:7.3.3, creation date:2021-03-30 02:05:52 +0000>",2021-04-26 16:29:00+00:00,2021-04-26 17:06:14+00:00,-360,2234.2609020471577,,,,,,True,829ee9afacb483838c0a7bc8ab43ac1db1db7df1,2021-04-26 10:29:00-06:00,2021-04-26 11:06:14-06:00
cbc67eedfc56644f2a2f88c332abf6c97aef2605,Walking,Jason’s Apple Watch,"<<HKDevice: 0xc7faa7ac0>, name:Apple Watch, manufacturer:Apple Inc., model:Watch, hardware:Watch6,4, software:8.0, creation date:2021-10-05 23:10:22 +0000>",2021-10-15 02:56:15+00:00,2021-10-15 03:11:57+00:00,-360,942.3317593336103,,,,,,True,ea82bd21f6721c4be004a76c8b4a238887392266,2021-10-14 20:56:15-06:00,2021-10-14 21:11:57-06:00
c0a8cc43be1e5f461382bc3cfd2e30abf9485912,Walking,Jason’s Apple Watch,"<<HKDevice: 0xc7faa7ac0>, name:Apple Watch, manufacturer:Apple Inc., model:Watch, hardware:Watch6,4, software:8.0, creation date:2021-10-05 23:10:22 +0000>",2021-10-17 03:46:54+00:00,2021-10-17 04:33:17+00:00,-360,2782.771242618561,,,,,,True,1f9fa398bfc13815fef3264fc8692edc0d89b8e9,2021-10-16 21:46:54-06:00,2021-10-16 22:33:17-06:00
0116540bde8c9d03baa53b10a8c6f27a5f5868a8,Swimming,Jason’s Apple Watch,"<<HKDevice: 0xc7faa4050>, name:Apple Watch, manufacturer:Apple Inc., model:Watch, hardware:Watch6,4, software:8.1, creation date:2021-11-04 06:08:08 +0000>",2021-12-17 03:30:25+00:00,2021-12-17 04:03:56+00:00,-360,2010.6528984308243,,,,,,False,,2021-12-16 20:30:25-07:00,2021-12-16 21:03:56-07:00
0e9c7ce915317fd7ed499a7b5f9ca917c29a8345,Swimming,Jason’s Apple Watch,"<<HKDevice: 0xc7faa4050>, name:Apple Watch, manufacturer:Apple Inc., model:Watch, hardware:Watch6,4, software:8.1, creation date:2021-11-04 06:08:08 +0000>",2021-12-24 03:09:26+00:00,2021-12-24 03:48:09+00:00,-360,2322.7897323369975,,,,,,False,,2021-12-23 20:09:26-07:00,2021-12-23 20:48:09-07:00
fa00d0dbffccfaebd0bd750db3d4c64eda3db91c,Walking,Jason’s Apple Watch,"<<HKDevice: 0xc7faa63a0>, name:Apple Watch, manufacturer:Apple Inc., model:Watch, hardware:Watch6,4, software:8.3, creation date:2022-01-08 05:00:57 +0000>",2022-02-07 18:29:01+00:00,2022-02-07 19:32:49+00:00,-360,3827.7007220983505,,,,,,True,ea83e5abc4433513058a959805cde1b4b33bffc5,2022-02-07 11:29:01-07:00,2022-02-07 12:32:49-07:00
6a322e37dca86884f0566aaf54befc3faf9e5c9d,Walking,Jason’s Apple Watch,"<<HKDevice: 0xc7faa63a0>, name:Apple Watch, manufacturer:Apple Inc., model:Watch, hardware:Watch6,4, software:8.3, creation date:2022-01-08 05:00:57 +0000>",2022-02-08 18:16:07+00:00,2022-02-08 19:08:19+00:00,-360,3132.1138319969177,,,,,,True,43d93ff3eebf7d6f7472642fdd8743f96fbcc360,2022-02-08 11:16:07-07:00,2022-02-08 12:08:19-07:00
14834daeb828c4ccdcdfb792be697e8a65ee5f38,Walking,Jason’s Apple Watch,"<<HKDevice: 0xc7faa6e40>, name:Apple Watch, manufacturer:Apple Inc., model:Watch, hardware:Watch6,4, software:8.4.2, creation date:2022-02-11 15:57:04 +0000>",2022-02-13 18:44:54+00:00,2022-02-13 19:48:14+00:00,-360,3799.5301399230957,,,,,,True,2724c7634195cfb0ec46e5f7331e582a9e56fa6a,2022-02-13 11:44:54-07:00,2022-02-13 12:48:14-07:00
32f67ff4af039ec4325ca73de246b15fa11c0ef8,Walking,Jason’s Apple Watch,"<<HKDevice: 0xc7faa6e40>, name:Apple Watch, manufacturer:Apple Inc., model:Watch, hardware:Watch6,4, software:8.4.2, creation date:2022-02-11 15:57:04 +0000>",2022-02-14 18:38:21+00:00,2022-02-14 19:27:35+00:00,-360,2954.5419803857803,,,,,,True,b3019e69a379d351fc89118eaf9a7050ebce04ce,2022-02-14 11:38:21-07:00,2022-02-14 12:27:35-07:00
fe0c922862a62c4393a3236e47fc324055452185,Walking,Jason’s Apple Watch,"<<HKDevice: 0xc7faa6e40>, name:Apple Watch, manufacturer:Apple Inc., model:Watch, hardware:Watch6,4, software:8.4.2, creation date:2022-02-11 15:57:04 +0000>",2022-02-15 18:45:56+00:00,2022-02-15 19:59:29+00:00,-360,4413.563396573067,,,,,,True,aecff9a723e9e1050c255558312e5686d957a5de,2022-02-15 11:45:56-07:00,2022-02-15 12:59:29-07:00
07fc48716adb7087468d110fd5f70f778bc186a1,Walking,Jason’s Apple Watch,"<<HKDevice: 0xc7faa6e40>, name:Apple Watch, manufacturer:Apple Inc., model:Watch, hardware:Watch6,4, software:8.4.2, creation date:2022-02-11 15:57:04 +0000>",2022-02-18 17:50:53+00:00,2022-02-18 19:21:57+00:00,-360,5464.199853777885,,,,,,True,df048c4cc1f3bffa30f89fb3b6d5e45aece959b0,2022-02-18 10:50:53-07:00,2022-02-18 12:21:57-07:00
bb81d0651584c303bc714829424835fbedf44e68,Walking,Jason’s Apple Watch,"<<HKDevice: 0xc7faa6e40>, name:Apple Watch, manufacturer:Apple Inc., model:Watch, hardware:Watch6,4, software:8.4.2, creation date:2022-02-11 15:57:04 +0000>",2022-02-21 20:43:47+00:00,2022-02-21 21:45:38+00:00,-360,3711.583775997162,,,,,,True,81df6dfce1d84b0cea574aae96ed01e89c70db6d,2022-02-21 13:43:47-07:00,2022-02-21 14:45:38-07:00
eca8e1205c5a5df238dd4ba623412fda55845481,Walking,Jason’s Apple Watch,"<<HKDevice: 0xc7faa6e40>, name:Apple Watch, manufacturer:Apple Inc., model:Watch, hardware:Watch6,4, software:8.4.2, creation date:2022-02-11 15:57:04 +0000>",2022-02-26 18:00:32+00:00,2022-02-26 19:07:18+00:00,-360,4006.362665772438,,,,,,True,04a7ebb2eef2100dc4086866871a95f80dc8fde3,2022-02-26 11:00:32-07:00,2022-02-26 12:07:18-07:00
a46729e6fdb6c3b873693ce8b1c5e6e944d5fbd0,Walking,Jason’s Apple Watch,"<<HKDevice: 0xc7faa6e40>, name:Apple Watch, manufacturer:Apple Inc., model:Watch, hardware:Watch6,4, software:8.4.2, creation date:2022-02-11 15:57:04 +0000>",2022-02-27 20:35:42+00:00,2022-02-27 21:41:29+00:00,-360,3947.417627930641,,,,,,True,54b067eaefe11026e671e310542fdb68ff071d5d,2022-02-27 13:35:42-07:00,2022-02-27 14:41:29-07:00
a56660c0d00009c8421dbf1be091fe7512aecb83,Walking,Jason’s Apple Watch,"<<HKDevice: 0xc7faa6e40>, name:Apple Watch, manufacturer:Apple Inc., model:Watch, hardware:Watch6,4, software:8.4.2, creation date:2022-02-11 15:57:04 +0000>",2022-02-28 22:06:54+00:00,2022-02-28 23:02:44+00:00,-360,3191.7297409772877,,,,,,True,08fddff8757003df6629104724b0657be0be1b2b,2022-02-28 15:06:54-07:00,2022-02-28 16:02:44-07:00
46b08cff51d12f6d01365695b7fa3c9845898e59,Walking,Jason’s Apple Watch,"<<HKDevice: 0xc7faa6e40>, name:Apple Watch, manufacturer:Apple Inc., model:Watch, hardware:Watch6,4, software:8.4.2, creation date:2022-02-11 15:57:04 +0000>",2022-03-01 23:28:16+00:00,2022-03-02 00:28:11+00:00,-360,3595.0892689228062,,,,,,True,695619ada084e04cf1bce18c6c1158a780f0099b,2022-03-01 16:28:16-07:00,2022-03-01 17:28:11-07:00
56b67aeb599929bd49b8e2ca86ee866e3d97d5cb,Walking,Jason’s Apple Watch,"<<HKDevice: 0xc7faa6e40>, name:Apple Watch, manufacturer:Apple Inc., model:Watch, hardware:Watch6,4, software:8.4.2, creation date:2022-02-11 15:57:04 +0000>",2022-03-02 17:13:38+00:00,2022-03-02 18:07:09+00:00,-360,3211.577476978302,,,,,,True,913197805d0f833e55e522be4f1fd6dea5b0a538,2022-03-02 10:13:38-07:00,2022-03-02 11:07:09-07:00
c5c57efbb614b63bdbd038acb1079c5d20efb502,Walking,Jason’s Apple Watch,"<<HKDevice: 0xc7faa6e40>, name:Apple Watch, manufacturer:Apple Inc., model:Watch, hardware:Watch6,4, software:8.4.2, creation date:2022-02-11 15:57:04 +0000>",2022-03-03 22:05:46+00:00,2022-03-03 22:58:10+00:00,-360,3144.5428309440613,,,,,,True,2bcc30852b9f0e0a76077ab1d6db8b04245dd083,2022-03-03 15:05:46-07:00,2022-03-03 15:58:10-07:00
31e83c26c8ee8c5de2ba80466edd01b10e79ebe0,Walking,Jason’s Apple Watch,"<<HKDevice: 0xc7faa6e40>, name:Apple Watch, manufacturer:Apple Inc., model:Watch, hardware:Watch6,4, software:8.4.2, creation date:2022-02-11 15:57:04 +0000>",2022-03-07 17:23:33+00:00,2022-03-07 18:24:49+00:00,-360,3675.435220003128,,,,,,True,43bb9a7bfbcf2db8a69bcb9d91a04aebdc299c3e,2022-03-07 10:23:33-07:00,2022-03-07 11:24:49-07:00
eaa521fd8fa9d36f7468cd8f2feab4926dbe3e00,Walking,Jason’s Apple Watch,"<<HKDevice: 0xc7faa6e40>, name:Apple Watch, manufacturer:Apple Inc., model:Watch, hardware:Watch6,4, software:8.4.2, creation date:2022-02-11 15:57:04 +0000>",2022-03-08 21:55:58+00:00,2022-03-08 21:59:23+00:00,-360,204.32997000217438,,,,,,True,57fe1164506a3d271158e5c40fa898cc0c6cd9f6,2022-03-08 14:55:58-07:00,2022-03-08 14:59:23-07:00
421d4aec42ef4a84c6f8b9d621bc83b917373207,Walking,Jason’s Apple Watch,"<<HKDevice: 0xc7faa6e40>, name:Apple Watch, manufacturer:Apple Inc., model:Watch, hardware:Watch6,4, software:8.4.2, creation date:2022-02-11 15:57:04 +0000>",2022-03-08 21:59:36+00:00,2022-03-08 23:31:29+00:00,-360,1492.9105010032652,,,,,,True,57fe1164506a3d271158e5c40fa898cc0c6cd9f6,2022-03-08 14:59:36-07:00,2022-03-08 16:31:29-07:00
551cc29580d9d866abd851ebc6e8a7e37d5c4d58,Walking,Jason’s Apple Watch,"<<HKDevice: 0xc7faa6e40>, name:Apple Watch, manufacturer:Apple Inc., model:Watch, hardware:Watch6,4, software:8.4.2, creation date:2022-02-11 15:57:04 +0000>",2022-03-11 20:39:05+00:00,2022-03-11 21:45:16+00:00,-360,3970.8714081048965,,,,,,True,50561636397d43b8197401dfeae5e8e1b0fe871b,2022-03-11 13:39:05-07:00,2022-03-11 14:45:16-07:00
3a78e81275e61fe05e27ee628f3648d534b71b06,Walking,Jason’s Apple Watch,"<<HKDevice: 0xc7faa6e40>, name:Apple Watch, manufacturer:Apple Inc., model:Watch, hardware:Watch6,4, software:8.4.2, creation date:2022-02-11 15:57:04 +0000>",2022-03-12 18:12:25+00:00,2022-03-12 19:23:15+00:00,-360,4249.151090025902,,,,,,True,15bba6aa42d072aac20e8eac327a04ccb579f08c,2022-03-12 11:12:25-07:00,2022-03-12 12:23:15-07:00
ade57bbb94aab5f55c823b1d72669dbfc26e2543,Walking,Jason’s Apple Watch,"<<HKDevice: 0xc7faa6e40>, name:Apple Watch, manufacturer:Apple Inc., model:Watch, hardware:Watch6,4, software:8.4.2, creation date:2022-02-11 15:57:04 +0000>",2022-03-13 19:43:30+00:00,2022-03-13 20:53:51+00:00,-360,4220.813951015472,,,,,,True,c9144de48c29cc78547e8991d7e60a68e712476e,2022-03-13 13:43:30-06:00,2022-03-13 14:53:51-06:00
bf64c63c97006a1fe455e0c81261440244acac01,Walking,Jason’s Apple Watch,"<<HKDevice: 0xc7faa6e40>, name:Apple Watch, manufacturer:Apple Inc., model:Watch, hardware:Watch6,4, software:8.4.2, creation date:2022-02-11 15:57:04 +0000>",2022-03-14 16:03:33+00:00,2022-03-14 17:25:49+00:00,-360,4936.020990967751,,,,,,True,b1a643ade589a3c9eb15eadbf7488cf43beaa209,2022-03-14 10:03:33-06:00,2022-03-14 11:25:49-06:00
b501beca57dd3b5c36284e429a5df4d562e86760,Walking,Jason’s Apple Watch,"<<HKDevice: 0xc7faa6e40>, name:Apple Watch, manufacturer:Apple Inc., model:Watch, hardware:Watch6,4, software:8.4.2, creation date:2022-02-11 15:57:04 +0000>",2022-03-26 17:46:37+00:00,2022-03-26 18:57:18+00:00,-360,4241.119184017181,,,,,,True,02266d472c7b547a9c8b560922c7869ffe4f3258,2022-03-26 11:46:37-06:00,2022-03-26 12:57:18-06:00
65ce64ccaabb3897c80bd58baee6eb0f27b23c5f,Walking,Jason’s Apple Watch,"<<HKDevice: 0xc7faa6e40>, name:Apple Watch, manufacturer:Apple Inc., model:Watch, hardware:Watch6,4, software:8.4.2, creation date:2022-02-11 15:57:04 +0000>",2022-03-27 18:39:47+00:00,2022-03-27 18:53:44+00:00,-360,837.1945409774778,,,,,,True,fcceb200df1341433edff5a6f7d8f643085452f3,2022-03-27 12:39:47-06:00,2022-03-27 12:53:44-06:00
058094da914f8efc12940f238d361d21a13c60ba,Walking,Jason’s Apple Watch,"<<HKDevice: 0xc7faa6e40>, name:Apple Watch, manufacturer:Apple Inc., model:Watch, hardware:Watch6,4, software:8.4.2, creation date:2022-02-11 15:57:04 +0000>",2022-03-27 18:54:00+00:00,2022-03-27 20:04:08+00:00,-360,4207.608412981033,,,,,,True,fcceb200df1341433edff5a6f7d8f643085452f3,2022-03-27 12:54:00-06:00,2022-03-27 14:04:08-06:00
cee902dc639f7db1cec5c1989b24471074b23849,Walking,Jason’s Apple Watch,"<<HKDevice: 0xc7faa6e40>, name:Apple Watch, manufacturer:Apple Inc., model:Watch, hardware:Watch6,4, software:8.4.2, creation date:2022-02-11 15:57:04 +0000>",2022-03-28 21:03:23+00:00,2022-03-28 21:52:50+00:00,-360,2967.40605199337,,,,,,True,6bf70fe7932bbc4751e75da959f609c3c45f421e,2022-03-28 15:03:23-06:00,2022-03-28 15:52:50-06:00
ab0b63a545bb46c99fe8fd5c87e3903541773f5a,Walking,Jason’s Apple Watch,"<<HKDevice: 0xc7faa6e40>, name:Apple Watch, manufacturer:Apple Inc., model:Watch, hardware:Watch6,4, software:8.4.2, creation date:2022-02-11 15:57:04 +0000>",2022-03-29 18:17:22+00:00,2022-03-29 19:24:39+00:00,-360,3289.9861100912094,,,,,,True,889567182da2e3bff9cca5b501bd8b5f9605123c,2022-03-29 12:17:22-06:00,2022-03-29 13:24:39-06:00
0cd1da76d261dad820427ca451e48fd90b4d33e8,Walking,Jason’s Apple Watch,"<<HKDevice: 0xc7faa6e40>, name:Apple Watch, manufacturer:Apple Inc., model:Watch, hardware:Watch6,4, software:8.4.2, creation date:2022-02-11 15:57:04 +0000>",2022-03-30 18:31:45+00:00,2022-03-30 19:30:33+00:00,-360,3528.3721089363094,,,,,,True,53709334c1427e2825978c8f3f63e265b8613161,2022-03-30 12:31:45-06:00,2022-03-30 13:30:33-06:00
c4128cecc53da139517400216c1fa88e264633ac,Walking,Jason’s Apple Watch,"<<HKDevice: 0xc7faa6e40>, name:Apple Watch, manufacturer:Apple Inc., model:Watch, hardware:Watch6,4, software:8.4.2, creation date:2022-02-11 15:57:04 +0000>",2022-03-31 15:58:54+00:00,2022-03-31 17:10:59+00:00,-360,4324.5101091861725,,,,,,True,52e1100fdfcba9e463119f8389166c5270f71709,2022-03-31 09:58:54-06:00,2022-03-31 11:10:59-06:00
93930ee072e2dc8885ae3788373360b96e7c5bfd,Walking,Jason’s Apple Watch,"<<HKDevice: 0xc7faa6e40>, name:Apple Watch, manufacturer:Apple Inc., model:Watch, hardware:Watch6,4, software:8.4.2, creation date:2022-02-11 15:57:04 +0000>",2022-04-01 19:21:18+00:00,2022-04-01 20:32:41+00:00,-360,4282.691568017006,,,,,,True,fa16f525d43f584796ff7369fc95dea2f581304d,2022-04-01 13:21:18-06:00,2022-04-01 14:32:41-06:00
62fe62cbf9c5bbbc01e81fc6069e44478fff12e3,Walking,Jason’s Apple Watch,"<<HKDevice: 0xc7faa6e40>, name:Apple Watch, manufacturer:Apple Inc., model:Watch, hardware:Watch6,4, software:8.4.2, creation date:2022-02-11 15:57:04 +0000>",2022-04-04 17:36:40+00:00,2022-04-04 18:41:55+00:00,-360,3914.860038638115,,,,,,True,9d027d0dd8610898eb4bbe76416783acafd9da7a,2022-04-04 11:36:40-06:00,2022-04-04 12:41:55-06:00
619ee97c23430bf05cb2dabc37aac4b26a5aae04,Walking,Jason’s Apple Watch,"<<HKDevice: 0xc7faa6e40>, name:Apple Watch, manufacturer:Apple Inc., model:Watch, hardware:Watch6,4, software:8.4.2, creation date:2022-02-11 15:57:04 +0000>",2022-04-05 17:36:50+00:00,2022-04-05 18:28:04+00:00,-360,3073.6690380573273,,,,,,True,b46d01a94bc8a75dd3109ae01c8e7bb1f55a246a,2022-04-05 11:36:50-06:00,2022-04-05 12:28:04-06:00
0c0b5340ae87e36fc2512d577cf3c73adefd0af1,Walking,Jason’s Apple Watch,"<<HKDevice: 0xc7faa6e40>, name:Apple Watch, manufacturer:Apple Inc., model:Watch, hardware:Watch6,4, software:8.4.2, creation date:2022-02-11 15:57:04 +0000>",2022-04-06 16:29:09+00:00,2022-04-06 17:38:54+00:00,-360,4185.1704839468,,,,,,True,1d4a99f1b85bc8e7dcebcc7546d55d7afb429abb,2022-04-06 10:29:09-06:00,2022-04-06 11:38:54-06:00
bf60e1ea8575a8906c13a8e653fcc29ac1f25cc0,Walking,Jason’s Apple Watch,"<<HKDevice: 0xc7faa6e40>, name:Apple Watch, manufacturer:Apple Inc., model:Watch, hardware:Watch6,4, software:8.4.2, creation date:2022-02-11 15:57:04 +0000>",2022-04-07 16:21:56+00:00,2022-04-07 17:22:29+00:00,-360,3633.887018918991,,,,,,True,165874b9c61da4578ceb45677f255f772360124d,2022-04-07 10:21:56-06:00,2022-04-07 11:22:29-06:00
ed8809e80bb2c1f4af14d03c6e1c40ca55ba8036,Walking,Jason’s Apple Watch,"<<HKDevice: 0xc7faa6e40>, name:Apple Watch, manufacturer:Apple Inc., model:Watch, hardware:Watch6,4, software:8.4.2, creation date:2022-02-11 15:57:04 +0000>",2022-04-08 16:06:57+00:00,2022-04-08 17:19:49+00:00,-360,4371.581650972366,,,,,,True,ae9908d38351ea1bb92bb1287b01824d8996da67,2022-04-08 10:06:57-06:00,2022-04-08 11:19:49-06:00
dc9705425df0b31406d6de535519b3359870e2f9,Walking,Jason’s Apple Watch,"<<HKDevice: 0xc7faa6e40>, name:Apple Watch, manufacturer:Apple Inc., model:Watch, hardware:Watch6,4, software:8.4.2, creation date:2022-02-11 15:57:04 +0000>",2022-04-10 18:42:46+00:00,2022-04-10 20:02:56+00:00,-360,4810.69953083992,,,,,,True,a769fac6bfc0023f0a7bd922bcb2d99f7c78c94d,2022-04-10 12:42:46-06:00,2022-04-10 14:02:56-06:00
e066ed9940ce6d217c87c3c4e6f2b181e394ba58,Walking,Jason’s Apple Watch,"<<HKDevice: 0xc7faa6e40>, name:Apple Watch, manufacturer:Apple Inc., model:Watch, hardware:Watch6,4, software:8.4.2, creation date:2022-02-11 15:57:04 +0000>",2022-04-11 14:47:22+00:00,2022-04-11 15:43:35+00:00,-360,3372.6900730133057,,,,,,True,72582a4f65d9dd13c2514c07598c4f59808aa4bb,2022-04-11 08:47:22-06:00,2022-04-11 09:43:35-06:00
6d1495733b8668ed4e557de595a876e059290523,Walking,Jason’s Apple Watch,"<<HKDevice: 0xc7faa7250>, name:Apple Watch, manufacturer:Apple Inc., model:Watch, hardware:Watch6,4, software:8.5.1, creation date:2022-04-12 06:52:28 +0000>",2022-04-12 14:54:54+00:00,2022-04-12 16:04:39+00:00,-360,4184.647742986679,,,,,,True,3d0cfc9ed1ce97e94904690ef8027ff017f01a85,2022-04-12 08:54:54-06:00,2022-04-12 10:04:39-06:00
72df06cb214fe840d0779d11649f3da3ee06ece9,Walking,Jason’s Apple Watch,"<<HKDevice: 0xc7faa7250>, name:Apple Watch, manufacturer:Apple Inc., model:Watch, hardware:Watch6,4, software:8.5.1, creation date:2022-04-12 06:52:28 +0000>",2022-04-13 15:00:24+00:00,2022-04-13 15:55:14+00:00,-360,3289.2672280073166,,,,,,True,e0f7435f0afab27825858eba60110e549c809461,2022-04-13 09:00:24-06:00,2022-04-13 09:55:14-06:00
0574492119d0baad51eee4357225e07a5d64230b,Walking,Jason’s Apple Watch,"<<HKDevice: 0xc7faa7250>, name:Apple Watch, manufacturer:Apple Inc., model:Watch, hardware:Watch6,4, software:8.5.1, creation date:2022-04-12 06:52:28 +0000>",2022-04-14 16:06:19+00:00,2022-04-14 16:58:55+00:00,-360,3156.2842990159984,,,,,,True,58be06dea8a686a27bc2bd0dcd807a723d4ed147,2022-04-14 10:06:19-06:00,2022-04-14 10:58:55-06:00
b60752dc66c30974d025d0070fbe49261cea5123,Walking,Jason’s Apple Watch,"<<HKDevice: 0xc7faa7250>, name:Apple Watch, manufacturer:Apple Inc., model:Watch, hardware:Watch6,4, software:8.5.1, creation date:2022-04-12 06:52:28 +0000>",2022-04-15 16:35:53+00:00,2022-04-15 18:33:29+00:00,-360,2967.384765982628,,,,,,True,4e3479db25d7c8387ff2fb975a1f965783b22311,2022-04-15 10:35:53-06:00,2022-04-15 12:33:29-06:00
539a6fc09f9c0b497167bc80695cbdfc5a3943e1,Walking,Jason’s Apple Watch,"<<HKDevice: 0xc7faa7250>, name:Apple Watch, manufacturer:Apple Inc., model:Watch, hardware:Watch6,4, software:8.5.1, creation date:2022-04-12 06:52:28 +0000>",2022-04-15 22:48:54+00:00,2022-04-16 00:24:45+00:00,-360,5750.9834723472595,,,,,,False,,2022-04-15 16:48:54-06:00,2022-04-15 18:24:45-06:00
eb930fde340e5859414c548df6f0a0ded5e672a0,Swimming,Jason’s Apple Watch,"<<HKDevice: 0xc7faa7250>, name:Apple Watch, manufacturer:Apple Inc., model:Watch, hardware:Watch6,4, software:8.5.1, creation date:2022-04-12 06:52:28 +0000>",2022-04-17 02:35:12+00:00,2022-04-17 02:50:17+00:00,-360,904.8395169973375,,,,,,False,,2022-04-16 20:35:12-06:00,2022-04-16 20:50:17-06:00
e146f99a7e9d88acb440a56116efff64970d46cb,Walking,Jason’s Apple Watch,"<<HKDevice: 0xc7faa7250>, name:Apple Watch, manufacturer:Apple Inc., model:Watch, hardware:Watch6,4, software:8.5.1, creation date:2022-04-12 06:52:28 +0000>",2022-04-17 17:48:01+00:00,2022-04-17 19:03:30+00:00,-360,4528.924587965012,,,,,,True,a4c5a52a0b332662367cc02ba604308abd230c52,2022-04-17 11:48:01-06:00,2022-04-17 13:03:30-06:00
187ec6ded59decf0439dddffe80a1d6e73636c63,Walking,Jason’s Apple Watch,"<<HKDevice: 0xc7faa7250>, name:Apple Watch, manufacturer:Apple Inc., model:Watch, hardware:Watch6,4, software:8.5.1, creation date:2022-04-12 06:52:28 +0000>",2022-04-18 18:57:32+00:00,2022-04-18 19:41:17+00:00,-360,2624.396974921226,,,,,,True,2a0f73c080a8c8a52688042d46bca4c600bede93,2022-04-18 12:57:32-06:00,2022-04-18 13:41:17-06:00
66e45bf03063e5c4f3d9db21e20ed500d82d9728,Walking,Jason’s Apple Watch,"<<HKDevice: 0xc7faa7250>, name:Apple Watch, manufacturer:Apple Inc., model:Watch, hardware:Watch6,4, software:8.5.1, creation date:2022-04-12 06:52:28 +0000>",2022-04-19 18:36:08+00:00,2022-04-19 19:46:54+00:00,-360,4245.966799020767,,,,,,True,6fe3f81ad6abc045a28f598d20a2f43903a4355d,2022-04-19 12:36:08-06:00,2022-04-19 13:46:54-06:00
08bcbd640df90d42990b71843538d246e4317749,Walking,Jason’s Apple Watch,"<<HKDevice: 0xc7faa7250>, name:Apple Watch, manufacturer:Apple Inc., model:Watch, hardware:Watch6,4, software:8.5.1, creation date:2022-04-12 06:52:28 +0000>",2022-04-20 18:15:58+00:00,2022-04-20 18:18:03+00:00,-360,124.69541800022125,,,,,,True,eae1d89e79fd1e20d54f6a125e333342f0d093f1,2022-04-20 12:15:58-06:00,2022-04-20 12:18:03-06:00
87fbc72c18d1eeb6fe565aedb726d3ec1f99f9fb,Walking,Jason’s Apple Watch,"<<HKDevice: 0xc7faa7250>, name:Apple Watch, manufacturer:Apple Inc., model:Watch, hardware:Watch6,4, software:8.5.1, creation date:2022-04-12 06:52:28 +0000>",2022-04-20 22:12:36+00:00,2022-04-20 23:22:03+00:00,-360,4166.933647990227,,,,,,True,4702978e6d7b4297a08f54da7c828bb6f405e71f,2022-04-20 16:12:36-06:00,2022-04-20 17:22:03-06:00
d81fa4028f8464778d021dc86b8470fdd5ec23ed,Walking,Jason’s Apple Watch,"<<HKDevice: 0xc7faa7250>, name:Apple Watch, manufacturer:Apple Inc., model:Watch, hardware:Watch6,4, software:8.5.1, creation date:2022-04-12 06:52:28 +0000>",2022-04-21 20:23:38+00:00,2022-04-21 21:35:39+00:00,-360,2198.089401006699,,,,,,True,d2b87fa64257c05aeecd387e26036e4eb17b4594,2022-04-21 14:23:38-06:00,2022-04-21 15:35:39-06:00
e6ef2635c5e2fffcca1a1a2078e4b50d6616d39a,Walking,Jason’s Apple Watch,"<<HKDevice: 0xc7faa7250>, name:Apple Watch, manufacturer:Apple Inc., model:Watch, hardware:Watch6,4, software:8.5.1, creation date:2022-04-12 06:52:28 +0000>",2022-04-24 00:51:18+00:00,2022-04-24 02:06:33+00:00,-360,4514.615942001343,,,,,,True,f50cb131a456258ce49d9b4bcc349ab75f2728f2,2022-04-23 18:51:18-06:00,2022-04-23 20:06:33-06:00
73837b0a73f50ec1b6f60bfc6e62f65273c161a0,Walking,Jason’s Apple Watch,"<<HKDevice: 0xc7faa7250>, name:Apple Watch, manufacturer:Apple Inc., model:Watch, hardware:Watch6,4, software:8.5.1, creation date:2022-04-12 06:52:28 +0000>",2022-04-24 19:35:01+00:00,2022-04-24 20:39:52+00:00,-360,3890.594689965248,,,,,,True,2c8666a6579f6dae2f222d3e29d33bf404fa99a8,2022-04-24 13:35:01-06:00,2022-04-24 14:39:52-06:00
436177c70684443b61b13402b8decbdbe3dc03c7,Walking,Jason’s Apple Watch,"<<HKDevice: 0xc7faa7250>, name:Apple Watch, manufacturer:Apple Inc., model:Watch, hardware:Watch6,4, software:8.5.1, creation date:2022-04-12 06:52:28 +0000>",2022-04-25 22:35:47+00:00,2022-04-25 23:47:21+00:00,-360,4293.714056015015,,,,,,True,e16f9d2a6e647beef0c21a9a47dacf7235229bea,2022-04-25 16:35:47-06:00,2022-04-25 17:47:21-06:00
3bbb5f6d71cbc72ef0e73e8d5194874946eb3cd2,Walking,Jason’s Apple Watch,"<<HKDevice: 0xc7faa7250>, name:Apple Watch, manufacturer:Apple Inc., model:Watch, hardware:Watch6,4, software:8.5.1, creation date:2022-04-12 06:52:28 +0000>",2022-04-26 20:41:53+00:00,2022-04-26 21:54:44+00:00,-360,4370.668060898781,,,,,,True,0c4779a785335d73a45b9e58c0a7028ba549aed3,2022-04-26 14:41:53-06:00,2022-04-26 15:54:44-06:00
d47f1d1c837a1fb768fbccfb70a47455ae85a720,Walking,Jason’s Apple Watch,"<<HKDevice: 0xc7faa7250>, name:Apple Watch, manufacturer:Apple Inc., model:Watch, hardware:Watch6,4, software:8.5.1, creation date:2022-04-12 06:52:28 +0000>",2022-04-28 01:31:50+00:00,2022-04-28 02:05:45+00:00,-360,364.6198959350586,,,,,,True,9fe54468e99436806a490ce225ed95ad62b4bcb3,2022-04-27 19:31:50-06:00,2022-04-27 20:05:45-06:00
9ba61868560f518a504beabfaf0b47b02d2be085,Walking,Jason’s Apple Watch,"<<HKDevice: 0xc7faa7250>, name:Apple Watch, manufacturer:Apple Inc., model:Watch, hardware:Watch6,4, software:8.5.1, creation date:2022-04-12 06:52:28 +0000>",2022-04-30 01:21:36+00:00,2022-04-30 12:36:29+00:00,-360,1467.074468255043,,,,,,True,e0ddcd453d2cd104e50afbd49bb8c91dbeede545,2022-04-29 19:21:36-06:00,2022-04-30 06:36:29-06:00
c37809d739725358f39f3468cf6500424f885714,Walking,Jason’s Apple Watch,"<<HKDevice: 0xc7faa7250>, name:Apple Watch, manufacturer:Apple Inc., model:Watch, hardware:Watch6,4, software:8.5.1, creation date:2022-04-12 06:52:28 +0000>",2022-05-03 21:33:02+00:00,2022-05-03 22:51:33+00:00,-360,4710.775380015373,,,,,,True,dc60b860e41d7907ab177303bbbb0b78a819ed96,2022-05-03 15:33:02-06:00,2022-05-03 16:51:33-06:00
53c3e1d3983c5df469aea53a761a106137584968,Walking,Jason’s Apple Watch,"<<HKDevice: 0xc7faa7250>, name:Apple Watch, manufacturer:Apple Inc., model:Watch, hardware:Watch6,4, software:8.5.1, creation date:2022-04-12 06:52:28 +0000>",2022-05-04 23:28:08+00:00,2022-05-05 00:32:13+00:00,-360,3845.3295639753337,,,,,,True,ef13802f8cd666b7f64389e75b5a844af22f6226,2022-05-04 17:28:08-06:00,2022-05-04 18:32:13-06:00
b5b284e87edb23a5b19b4457a17e221da9fb2c37,Walking,Jason’s Apple Watch,"<<HKDevice: 0xc7faa7250>, name:Apple Watch, manufacturer:Apple Inc., model:Watch, hardware:Watch6,4, software:8.5.1, creation date:2022-04-12 06:52:28 +0000>",2022-05-05 01:29:54+00:00,2022-05-05 01:53:46+00:00,-360,1431.9760526418684,,,,,,True,848540c6e37553d86d8f544edcea2ced36ce545b,2022-05-04 19:29:54-06:00,2022-05-04 19:53:46-06:00
827d774b8bae1bd1dc37a0a13637351f2a7e08a8,Walking,Jason’s Apple Watch,"<<HKDevice: 0xc7faa7250>, name:Apple Watch, manufacturer:Apple Inc., model:Watch, hardware:Watch6,4, software:8.5.1, creation date:2022-04-12 06:52:28 +0000>",2022-05-05 21:17:18+00:00,2022-05-05 22:06:11+00:00,-360,2933.293288588524,,,,,,True,4b2285f1df9b96180ae5ed64846a9683bf6d42ba,2022-05-05 15:17:18-06:00,2022-05-05 16:06:11-06:00
398b41523b0369aa72d12d500431974bff6b96bc,Walking,Jason’s Apple Watch,"<<HKDevice: 0xc7faa7250>, name:Apple Watch, manufacturer:Apple Inc., model:Watch, hardware:Watch6,4, software:8.5.1, creation date:2022-04-12 06:52:28 +0000>",2022-05-06 21:18:50+00:00,2022-05-06 22:03:51+00:00,-360,2701.2922288179398,,,,,,True,76fa3d17fb5666a79cdada9478a691b1de475e2c,2022-05-06 15:18:50-06:00,2022-05-06 16:03:51-06:00
d7b0bfcfe7cdbc1cd0629357878c0e4c79db032b,Walking,Jason’s Apple Watch,"<<HKDevice: 0xc7faa7250>, name:Apple Watch, manufacturer:Apple Inc., model:Watch, hardware:Watch6,4, software:8.5.1, creation date:2022-04-12 06:52:28 +0000>",2022-05-14 22:59:37+00:00,2022-05-15 00:29:53+00:00,-360,5416.348633766174,,,,,,True,5030482681fbeda15630e87a343867b606dc8d19,2022-05-14 16:59:37-06:00,2022-05-14 18:29:53-06:00
fcba52b28fabdf121f1b51c7cd93841e42d1e5bd,Walking,Jason’s Apple Watch,"<<HKDevice: 0xc7faa7250>, name:Apple Watch, manufacturer:Apple Inc., model:Watch, hardware:Watch6,4, software:8.5.1, creation date:2022-04-12 06:52:28 +0000>",2022-05-16 13:24:27+00:00,2022-05-16 14:32:07+00:00,-360,4060.3341152668,,,,,,True,bd8300ad4793cae9e99368646dddd10802b60735,2022-05-16 07:24:27-06:00,2022-05-16 08:32:07-06:00
315cf95a07217a09120e95d9895abe02fb2d4d28,Walking,Jason’s Apple Watch,"<<HKDevice: 0xc7faa7250>, name:Apple Watch, manufacturer:Apple Inc., model:Watch, hardware:Watch6,4, software:8.5.1, creation date:2022-04-12 06:52:28 +0000>",2022-05-19 17:01:25+00:00,2022-05-19 18:14:22+00:00,-360,4377.490523099899,,,,,,True,8f154d18f6f5dc8407db237ec20cd81016821f55,2022-05-19 11:01:25-06:00,2022-05-19 12:14:22-06:00
67a70bc6286eb50df73983ea2fbf74515ec7f3eb,Walking,Jason’s Apple Watch,"<<HKDevice: 0xc7faa7250>, name:Apple Watch, manufacturer:Apple Inc., model:Watch, hardware:Watch6,4, software:8.5.1, creation date:2022-04-12 06:52:28 +0000>",2022-05-22 21:17:45+00:00,2022-05-22 22:19:29+00:00,-360,3704.149717569351,,,,,,True,90a7057736847bbc3d303f5499559637ccaf1eb9,2022-05-22 15:17:45-06:00,2022-05-22 16:19:29-06:00
87462be4fe83dd7fed509894ee4ee34af1988a85,Walking,Jason’s Apple Watch,"<<HKDevice: 0xc7faa7250>, name:Apple Watch, manufacturer:Apple Inc., model:Watch, hardware:Watch6,4, software:8.5.1, creation date:2022-04-12 06:52:28 +0000>",2022-05-23 18:59:09+00:00,2022-05-23 20:10:12+00:00,-360,4262.673200726509,,,,,,True,ccbf6e12feb1672382e0f810c55377a6c2746520,2022-05-23 12:59:09-06:00,2022-05-23 14:10:12-06:00
a4de7a95c08db825e1e014a62b88bb01df4e5fc0,Walking,Jason’s Apple Watch,"<<HKDevice: 0xc7faa7250>, name:Apple Watch, manufacturer:Apple Inc., model:Watch, hardware:Watch6,4, software:8.5.1, creation date:2022-04-12 06:52:28 +0000>",2022-05-24 12:23:11+00:00,2022-05-24 13:35:27+00:00,-360,4335.021575093269,,,,,,True,fb3b7916a2b8aeb14104dea93aa0e2e295554ee8,2022-05-24 06:23:11-06:00,2022-05-24 07:35:27-06:00
a1631c2129880f694f38bacbbf0ada60a658d42c,Walking,Jason’s Apple Watch,"<<HKDevice: 0xc7faa7250>, name:Apple Watch, manufacturer:Apple Inc., model:Watch, hardware:Watch6,4, software:8.5.1, creation date:2022-04-12 06:52:28 +0000>",2022-05-26 01:11:41+00:00,2022-05-26 02:30:55+00:00,-360,4753.323476433754,,,,,,True,bafba8aa984f98716b49b2a034aa459315f17eb8,2022-05-25 19:11:41-06:00,2022-05-25 20:30:55-06:00
8c2d2c2c408eacbbd1155fa84a65adae00c634a4,Walking,Jason’s Apple Watch,"<<HKDevice: 0xc7faa7250>, name:Apple Watch, manufacturer:Apple Inc., model:Watch, hardware:Watch6,4, software:8.5.1, creation date:2022-04-12 06:52:28 +0000>",2022-05-26 21:02:34+00:00,2022-05-27 00:29:00+00:00,-360,4391.914964318275,,,,,,True,6e7cfb9f89b72c33e5637a9b31a37db3c7abc53a,2022-05-26 15:02:34-06:00,2022-05-26 18:29:00-06:00
d745f3be646073fc9d4263d9b2acb262a9d20b08,Walking,Jason’s Apple Watch,"<<HKDevice: 0xc7faa7250>, name:Apple Watch, manufacturer:Apple Inc., model:Watch, hardware:Watch6,4, software:8.5.1, creation date:2022-04-12 06:52:28 +0000>",2022-06-02 19:54:02+00:00,2022-06-02 20:43:11+00:00,-360,2948.6825898885727,,,,,,True,845df1f37254c4c38db586a3c7b55a99b351f451,2022-06-02 13:54:02-06:00,2022-06-02 14:43:11-06:00
56ddbb4c20514923d830bc5425b40de3128943d9,Walking,Jason’s Apple Watch,"<<HKDevice: 0xc7faa5270>, name:Apple Watch, manufacturer:Apple Inc., model:Watch, hardware:Watch6,4, software:8.6, creation date:2022-06-22 07:57:24 +0000>",2022-06-24 18:08:53+00:00,2022-06-24 20:41:25+00:00,-360,9152.480921506884,,,,,,True,fd15b5823543d051dc44cd46fc333baeb7a875dd,2022-06-24 12:08:53-06:00,2022-06-24 14:41:25-06:00
dfcdbc24638512946536a05e7fac5abcd752dcd7,Walking,Jason’s Apple Watch,"<<HKDevice: 0xc7faa5270>, name:Apple Watch, manufacturer:Apple Inc., model:Watch, hardware:Watch6,4, software:8.6, creation date:2022-06-22 07:57:24 +0000>",2022-06-26 21:32:59+00:00,2022-06-26 22:36:26+00:00,-360,3807.394956111908,,,,,,True,7e9b41db1083ac7df9111a04698fc1422592f26d,2022-06-26 15:32:59-06:00,2022-06-26 16:36:26-06:00
5189ef29494765f74e57652bae64353b77b47ba1,Walking,Jason’s Apple Watch,"<<HKDevice: 0xc7faa5270>, name:Apple Watch, manufacturer:Apple Inc., model:Watch, hardware:Watch6,4, software:8.6, creation date:2022-06-22 07:57:24 +0000>",2022-06-27 18:18:22+00:00,2022-06-27 19:19:20+00:00,-360,3657.7388112545013,,,,,,True,e9874ba54780077595a394dcc4e7a8bb898801b6,2022-06-27 12:18:22-06:00,2022-06-27 13:19:20-06:00
0ccf4d71b1990db2fbbcfd56a51028ccbce547be,Walking,Jason’s Apple Watch,"<<HKDevice: 0xc7faa7430>, name:Apple Watch, manufacturer:Apple Inc., model:Watch, hardware:Watch6,4, software:8.7, creation date:2022-07-26 06:56:06 +0000>",2022-08-19 19:12:33+00:00,2022-08-19 20:06:58+00:00,-360,3265.0662740468983,,,,,,True,e75615a58864822c050ffdd906778b756c15d110,2022-08-19 13:12:33-06:00,2022-08-19 14:06:58-06:00
4fa67dfcb4d39d68006fe8d1f4d20d075c4e66b1,Walking,Jason’s Apple Watch,"<<HKDevice: 0xc7faa7430>, name:Apple Watch, manufacturer:Apple Inc., model:Watch, hardware:Watch6,4, software:8.7, creation date:2022-07-26 06:56:06 +0000>",2022-08-20 21:17:24+00:00,2022-08-20 21:48:28+00:00,-360,1863.5738409757614,,,,,,True,040c6a4e3c75bd73ab061ac4c42a6458d88a25f8,2022-08-20 15:17:24-06:00,2022-08-20 15:48:28-06:00
9515ccf7395719b7c276c72e5d65bebcc10942cb,Walking,Jason’s Apple Watch,"<<HKDevice: 0xc7faa7430>, name:Apple Watch, manufacturer:Apple Inc., model:Watch, hardware:Watch6,4, software:8.7, creation date:2022-07-26 06:56:06 +0000>",2022-08-21 00:57:20+00:00,2022-08-21 01:39:19+00:00,-360,2518.2849625349045,,,,,,True,63f6343321f6706fbd731d26342f31cc84472c82,2022-08-20 18:57:20-06:00,2022-08-20 19:39:19-06:00
5c93e04e5c21a9f7745ca5bb826aff6bf9226850,Walking,Jason’s Apple Watch,"<<HKDevice: 0xc7faa7430>, name:Apple Watch, manufacturer:Apple Inc., model:Watch, hardware:Watch6,4, software:8.7, creation date:2022-07-26 06:56:06 +0000>",2022-08-23 23:54:48+00:00,2022-08-24 00:20:54+00:00,-360,1565.968462586403,,,,,,True,ea83099cd1dce81e39755a6fd7503f9c2e1c2143,2022-08-23 17:54:48-06:00,2022-08-23 18:20:54-06:00
a5c629270942b8628228b7799fb055ee6c97b062,Walking,Jason’s Apple Watch,"<<HKDevice: 0xc7faa5180>, name:Apple Watch, manufacturer:Apple Inc., model:Watch, hardware:Watch6,4, software:9.0.2, creation date:2022-10-12 08:07:19 +0000>",2022-10-16 20:50:26+00:00,2022-10-16 21:55:52+00:00,-360,3925.750555753708,,,,,,True,d40be7c13edb5201d95b51b92ce17f8441a83b27,2022-10-16 14:50:26-06:00,2022-10-16 15:55:52-06:00
b6d88db0b3afd6013076b81788634a7d6fc1ed16,Walking,Jason’s Apple Watch,"<<HKDevice: 0xc7faa5180>, name:Apple Watch, manufacturer:Apple Inc., model:Watch, hardware:Watch6,4, software:9.0.2, creation date:2022-10-12 08:07:19 +0000>",2022-10-21 19:11:38+00:00,2022-10-21 20:25:56+00:00,-360,4291.370204806328,,,,,,True,d2c8f22593f123e6be160c2a96101c19f214bad0,2022-10-21 13:11:38-06:00,2022-10-21 14:25:56-06:00
3176f5eaf81ed9527cd2e7afcf16a23913acba27,Walking,Jason’s Apple Watch,"<<HKDevice: 0xc7faa5180>, name:Apple Watch, manufacturer:Apple Inc., model:Watch, hardware:Watch6,4, software:9.0.2, creation date:2022-10-12 08:07:19 +0000>",2022-10-22 19:04:31+00:00,2022-10-22 21:03:48+00:00,-360,7157.228953599931,,,,,,True,3fa9b121982735a4d5d1cf3baa595be216e5bb74,2022-10-22 13:04:31-06:00,2022-10-22 15:03:48-06:00
64261b4d85f8f0b5d697672db06648662606e28c,Walking,Jason’s Apple Watch,"<<HKDevice: 0xc7e946760>, name:Apple Watch, manufacturer:Apple Inc., model:Watch, hardware:Watch6,4, software:9.1, creation date:2022-10-26 03:40:52 +0000>",2022-10-29 16:01:59+00:00,2022-10-29 16:38:43+00:00,-360,2204.10666847229,,,,,,True,3278d350ae89767f6500018bcf0f2473ccccb98a,2022-10-29 10:01:59-06:00,2022-10-29 10:38:43-06:00
aa676515e326c493b34af526b078a207d27ab166,Walking,Jason’s Apple Watch,"<<HKDevice: 0xc7ffde580>, name:Apple Watch, manufacturer:Apple Inc., model:Watch, hardware:Watch6,4, software:9.1, creation date:2022-11-05 00:07:32 +0000>",2022-11-27 15:22:33+00:00,2022-11-27 16:15:12+00:00,-360,3159.217669248581,,,,,,True,4fc9459c1114c305b092c65d3030dfa6937c193e,2022-11-27 08:22:33-07:00,2022-11-27 09:15:12-07:00
e4480a61f58bd2f2706d5357de692ee6014f0d78,Walking,Jason’s Apple Watch,"<<HKDevice: 0xc7ffde580>, name:Apple Watch, manufacturer:Apple Inc., model:Watch, hardware:Watch6,4, software:9.1, creation date:2022-11-05 00:07:32 +0000>",2022-12-10 23:08:15+00:00,2022-12-10 23:50:39+00:00,-360,2543.743218421936,,,,,,True,888ae87a6fc4842c5a26b34a0895dfe27b1becde,2022-12-10 16:08:15-07:00,2022-12-10 16:50:39-07:00
c8edc514d1285b779b73d1b2de4fccc2280401b0,Running,Peloton,,2023-01-06 01:43:28+00:00,2023-01-06 01:43:52+00:00,-360,24.0,,,,,,False,,2023-01-05 18:43:28-07:00,2023-01-05 18:43:52-07:00
a3a286231f30f9ffef4e5a5642c3401c4259d25e,Walking,Peloton,,2023-01-06 01:46:09+00:00,2023-01-06 02:16:09+00:00,-360,1800.0,,,,,,False,,2023-01-05 18:46:09-07:00,2023-01-05 19:16:09-07:00
a97a2175029edb40b34121de15937e1ed0ef958f,Walking,Jason’s Apple Watch,"<<HKDevice: 0xc7fadb200>, name:Apple Watch, manufacturer:Apple Inc., model:Watch, hardware:Watch6,4, software:9.3.1, creation date:2023-02-18 20:51:58 +0000>",2023-04-03 20:07:03+00:00,2023-04-03 20:59:48+00:00,-360,3165.448958873749,,,,,,True,cc0ce344fe904d4f78658c79ddb94d2a2d7ce124,2023-04-03 14:07:03-06:00,2023-04-03 14:59:48-06:00
2d727477b0a9020d49b5433a017a31d45ff48d8e,Walking,Jason’s Apple Watch,"<<HKDevice: 0xc7fad91d0>, name:Apple Watch, manufacturer:Apple Inc., model:Watch, hardware:Watch6,4, software:9.4, creation date:2023-04-12 08:05:30 +0000>",2023-04-17 19:52:31+00:00,2023-04-17 20:39:57+00:00,-360,2846.3433945178986,,,,,,True,6a7228214b376d4a175db9051134c35d28a16233,2023-04-17 13:52:31-06:00,2023-04-17 14:39:57-06:00
e6c5a43e78d7d6c7814bef7233d9b1a6aaf7b1a5,Walking,Jason’s Apple Watch,"<<HKDevice: 0xc7fad91d0>, name:Apple Watch, manufacturer:Apple Inc., model:Watch, hardware:Watch6,4, software:9.4, creation date:2023-04-12 08:05:30 +0000>",2023-04-18 20:08:50+00:00,2023-04-18 21:01:31+00:00,-360,3161.062401413918,,,,,,True,cb9198971f578da7fe1207e40c71972316554163,2023-04-18 14:08:50-06:00,2023-04-18 15:01:31-06:00
a3dc2709f85088b59d4359b38bcdaeb19f28c111,Walking,Jason’s Apple Watch,"<<HKDevice: 0xc7fad91d0>, name:Apple Watch, manufacturer:Apple Inc., model:Watch, hardware:Watch6,4, software:9.4, creation date:2023-04-12 08:05:30 +0000>",2023-04-19 18:13:12+00:00,2023-04-19 19:07:57+00:00,-360,3284.8170604705815,,,,,,True,8612b30816f06123328054626ef2299ddc8e04e5,2023-04-19 12:13:12-06:00,2023-04-19 13:07:57-06:00
5d10c0b7520fd60dd47cf8a45fafc3b1a5708133,Walking,Jason’s Apple Watch,"<<HKDevice: 0xc7fad91d0>, name:Apple Watch, manufacturer:Apple Inc., model:Watch, hardware:Watch6,4, software:9.4, creation date:2023-04-12 08:05:30 +0000>",2023-05-07 23:34:10+00:00,2023-05-08 00:26:47+00:00,-360,3156.6423561573033,,,,,,True,529bf401693a248787c202cb2d19281b243d0983,2023-05-07 17:34:10-06:00,2023-05-07 18:26:47-06:00
b2c33aa0b197f1009ca840d6da611fae2349b39b,Walking,Jason’s Apple Watch,"<<HKDevice: 0xc7fad91d0>, name:Apple Watch, manufacturer:Apple Inc., model:Watch, hardware:Watch6,4, software:9.4, creation date:2023-04-12 08:05:30 +0000>",2023-05-08 21:39:46+00:00,2023-05-08 22:41:16+00:00,-360,3690.385391354561,,,,,,True,4d1bd95f86f07e41a1fee9d72e76e677ef6f6d49,2023-05-08 15:39:46-06:00,2023-05-08 16:41:16-06:00
bc599d327e0ec29884fef5dfa91cb837d59cb201,Walking,Jason’s Apple Watch,"<<HKDevice: 0xc7fad91d0>, name:Apple Watch, manufacturer:Apple Inc., model:Watch, hardware:Watch6,4, software:9.4, creation date:2023-04-12 08:05:30 +0000>",2023-05-08 22:43:10+00:00,2023-05-08 23:26:58+00:00,-360,2628.279574394226,,,,,,True,e2acabd6f35889ce12376e0e214d173bd73a268e,2023-05-08 16:43:10-06:00,2023-05-08 17:26:58-06:00
6a1e40b033048fb24cbe006de7a9f1d8033e3100,Walking,Jason’s Apple Watch,"<<HKDevice: 0xc7fad91d0>, name:Apple Watch, manufacturer:Apple Inc., model:Watch, hardware:Watch6,4, software:9.4, creation date:2023-04-12 08:05:30 +0000>",2023-05-09 23:25:31+00:00,2023-05-10 00:11:51+00:00,-360,2779.3382835388184,,,,,,True,b95420e758f2a0ff0a3bf5f189068421852440a2,2023-05-09 17:25:31-06:00,2023-05-09 18:11:51-06:00
ecd6171f836acbdee662b5210bb42fb1370cba03,Walking,Jason’s Apple Watch,"<<HKDevice: 0xc7fad91d0>, name:Apple Watch, manufacturer:Apple Inc., model:Watch, hardware:Watch6,4, software:9.4, creation date:2023-04-12 08:05:30 +0000>",2023-05-12 22:07:51+00:00,2023-05-12 23:34:09+00:00,-360,5177.9789917469025,,,,,,True,75bd8d1322875677fc876df66bcb2dcad91c8c75,2023-05-12 16:07:51-06:00,2023-05-12 17:34:09-06:00
ae9d90d3281955a982e2fbec4f846913d8724bb8,Swimming,Jason’s Apple Watch,"<<HKDevice: 0xc7fad91d0>, name:Apple Watch, manufacturer:Apple Inc., model:Watch, hardware:Watch6,4, software:9.4, creation date:2023-04-12 08:05:30 +0000>",2023-05-15 00:50:27+00:00,2023-05-15 00:52:48+00:00,-360,140.94323003292084,,,,,,False,,2023-05-14 18:50:27-06:00,2023-05-14 18:52:48-06:00
d20e59900dbe4365feb871ec99d76bdb18a1f353,Walking,Jason’s Apple Watch,"<<HKDevice: 0xc7faefa70>, name:Apple Watch, manufacturer:Apple Inc., model:Watch, hardware:Watch6,4, software:9.5, creation date:2023-05-21 09:04:31 +0000>",2023-05-24 23:53:09+00:00,2023-05-25 00:54:22+00:00,-360,3672.8631093502045,,,,,,True,59d06898bf6114c3dc3068740d6a5555a9f77600,2023-05-24 17:53:09-06:00,2023-05-24 18:54:22-06:00
ca6c1b0540d27cf6f3611f8bf16071780d3d3d77,Walking,Jason’s Apple Watch,"<<HKDevice: 0xc7faefa70>, name:Apple Watch, manufacturer:Apple Inc., model:Watch, hardware:Watch6,4, software:9.5, creation date:2023-05-21 09:04:31 +0000>",2023-05-25 20:54:34+00:00,2023-05-25 21:49:19+00:00,-360,3285.136033177376,,,,,,True,aea833c5230136961a70fd4f57ed5a457bf4fb59,2023-05-25 14:54:34-06:00,2023-05-25 15:49:19-06:00
e1de489363fddbd85f8fc70c2638a4fa60d6979b,Walking,Jason’s Apple Watch,"<<HKDevice: 0xc7faed900>, name:Apple Watch, manufacturer:Apple Inc., model:Watch, hardware:Watch6,4, software:9.5.1, creation date:2023-06-02 07:54:11 +0000>",2023-06-02 19:46:36+00:00,2023-06-02 21:17:03+00:00,-360,5426.8970502614975,,,,,,True,2e3111a80a571679f243ea427751636e3b1232e1,2023-06-02 13:46:36-06:00,2023-06-02 15:17:03-06:00
2e5c7ccf1f2557af43a2a51f5b81cc2ad1359601,Walking,Jason’s Apple Watch,"<<HKDevice: 0xc7faed900>, name:Apple Watch, manufacturer:Apple Inc., model:Watch, hardware:Watch6,4, software:9.5.1, creation date:2023-06-02 07:54:11 +0000>",2023-06-04 20:13:10+00:00,2023-06-04 21:32:31+00:00,-360,4760.737078666687,,,,,,True,37b58ff99ae1150af19db40a4c2f21d12c4c69cf,2023-06-04 14:13:10-06:00,2023-06-04 15:32:31-06:00
5260c1d638625707de16445ab53e3450acfe8b2e,Walking,Jason’s Apple Watch,"<<HKDevice: 0xc7faed900>, name:Apple Watch, manufacturer:Apple Inc., model:Watch, hardware:Watch6,4, software:9.5.1, creation date:2023-06-02 07:54:11 +0000>",2023-06-14 00:39:35+00:00,2023-06-14 02:31:17+00:00,-360,6701.248772740362,,,,,,True,ace069f3facb1bc3ab0923e9921ccb0eac2b03bf,2023-06-13 18:39:35-06:00,2023-06-13 20:31:17-06:00
b55a6ae61d2fb88bf9327fb1605c01031c89f2f3,Walking,Jason’s Apple Watch,"<<HKDevice: 0xc7faed900>, name:Apple Watch, manufacturer:Apple Inc., model:Watch, hardware:Watch6,4, software:9.5.1, creation date:2023-06-02 07:54:11 +0000>",2023-06-15 00:01:50+00:00,2023-06-15 01:29:48+00:00,-360,5277.828173041344,,,,,,True,0cf665fe9f6ed56bac08b5298bc294ebdb1ebfbf,2023-06-14 18:01:50-06:00,2023-06-14 19:29:48-06:00
cfa137e9865cd5360a6eb32f247d5de761451a58,Walking,Jason’s Apple Watch,"<<HKDevice: 0xc7faed900>, name:Apple Watch, manufacturer:Apple Inc., model:Watch, hardware:Watch6,4, software:9.5.1, creation date:2023-06-02 07:54:11 +0000>",2023-06-22 18:59:28+00:00,2023-06-22 19:37:54+00:00,-360,2305.6679508686066,,,,,,True,13543b981beda721e77516bf14d402dbb75f779b,2023-06-22 12:59:28-06:00,2023-06-22 13:37:54-06:00
87ad1fda79fbf90170ca8c4b270690ccccaa6efa,Walking,Jason’s Apple Watch,"<<HKDevice: 0xc7faed900>, name:Apple Watch, manufacturer:Apple Inc., model:Watch, hardware:Watch6,4, software:9.5.1, creation date:2023-06-02 07:54:11 +0000>",2023-06-23 20:51:34+00:00,2023-06-23 22:08:48+00:00,-360,4634.4728573560715,,,,,,True,0855d918176aa4d34dd80f60cf1700b81c42ee80,2023-06-23 14:51:34-06:00,2023-06-23 16:08:48-06:00
635a5459fa4d20298cec0434c114003af623a65b,Walking,Jason’s Apple Watch,"<<HKDevice: 0xc7faeeee0>, name:Apple Watch, manufacturer:Apple Inc., model:Watch, hardware:Watch6,4, software:9.5.2, creation date:2023-06-26 06:31:56 +0000>",2023-06-28 23:10:53+00:00,2023-06-29 00:33:43+00:00,-360,4969.949047327042,,,,,,False,,2023-06-28 17:10:53-06:00,2023-06-28 18:33:43-06:00
acf586c21394a84755bed3b4b3cd697e8985f14b,Cycling,Jason’s Apple Watch,"<<HKDevice: 0xc7faeeee0>, name:Apple Watch, manufacturer:Apple Inc., model:Watch, hardware:Watch6,4, software:9.5.2, creation date:2023-06-26 06:31:56 +0000>",2023-07-03 22:38:13+00:00,2023-07-03 23:06:15+00:00,-360,1682.2119767665865,,,,,,True,a30c9d947b1c18d92014aad06ba5e9956395b2e3,2023-07-03 16:38:13-06:00,2023-07-03 17:06:15-06:00
ee3add73896906dbca09ad8c349fe675fa794da6,Cycling,Jason’s Apple Watch,"<<HKDevice: 0xc7faeeee0>, name:Apple Watch, manufacturer:Apple Inc., model:Watch, hardware:Watch6,4, software:9.5.2, creation date:2023-06-26 06:31:56 +0000>",2023-07-04 20:38:54+00:00,2023-07-04 21:04:17+00:00,-360,1523.1301124095914,,,,,,True,7f6aa5352222a8547b5d0e5d76a4f3c182a148f5,2023-07-04 14:38:54-06:00,2023-07-04 15:04:17-06:00
6273f01a4329d0b3be8d4d8778608700e91b6350,Walking,Jason’s Apple Watch,"<<HKDevice: 0xc7faeeee0>, name:Apple Watch, manufacturer:Apple Inc., model:Watch, hardware:Watch6,4, software:9.5.2, creation date:2023-06-26 06:31:56 +0000>",2023-07-08 22:40:48+00:00,2023-07-09 00:05:47+00:00,-360,5098.708319306374,,,,,,True,3382c442a85a4bd12b9603c7b2803726de51cced,2023-07-08 16:40:48-06:00,2023-07-08 18:05:47-06:00
445484bcc4e8aa33ad8ca54e089a961e00103317,Walking,Jason’s Apple Watch,"<<HKDevice: 0xc7faeeee0>, name:Apple Watch, manufacturer:Apple Inc., model:Watch, hardware:Watch6,4, software:9.5.2, creation date:2023-06-26 06:31:56 +0000>",2023-07-10 02:55:08+00:00,2023-07-10 03:29:24+00:00,-360,2055.924624681473,,,,,,False,,2023-07-09 20:55:08-06:00,2023-07-09 21:29:24-06:00
b257ca44d0bd16312c09aca2db3139033f9198a5,Walking,Jason’s Apple Watch,"<<HKDevice: 0xc7faeeee0>, name:Apple Watch, manufacturer:Apple Inc., model:Watch, hardware:Watch6,4, software:9.5.2, creation date:2023-06-26 06:31:56 +0000>",2023-07-10 23:28:54+00:00,2023-07-11 00:58:04+00:00,-360,5350.3796755075455,,,,,,True,31ee8b9e1b47fd88f74dcea4f54332c7765315cf,2023-07-10 17:28:54-06:00,2023-07-10 18:58:04-06:00
9949c7e8521f14c787672f9f9b6480e932939e1a,Walking,Jason’s Apple Watch,"<<HKDevice: 0xc7faeeee0>, name:Apple Watch, manufacturer:Apple Inc., model:Watch, hardware:Watch6,4, software:9.5.2, creation date:2023-06-26 06:31:56 +0000>",2023-07-11 22:38:25+00:00,2023-07-12 00:06:01+00:00,-360,5255.3900578022,,,,,,False,,2023-07-11 16:38:25-06:00,2023-07-11 18:06:01-06:00
fe0e245160bcc00fd1c4f9dc0b07046b028612b9,Walking,Jason’s Apple Watch,"<<HKDevice: 0xc7f9d7d90>, name:Apple Watch, manufacturer:Apple Inc., model:Watch, hardware:Watch6,4, software:9.5.2, creation date:2023-06-26 06:31:56 +0000>",2023-07-16 23:52:09+00:00,2023-07-17 01:17:47+00:00,-360,5138.172125458717,,,,,,False,,2023-07-16 17:52:09-06:00,2023-07-16 19:17:47-06:00
552b558ccf46489aba33dcb3d27f3d6faf8a0a40,Walking,Jason’s Apple Watch,"<<HKDevice: 0xc7f9d7890>, name:Apple Watch, manufacturer:Apple Inc., model:Watch, hardware:Watch6,4, software:9.6, creation date:2023-08-08 08:08:39 +0000>",2023-08-08 20:21:58+00:00,2023-08-08 20:41:26+00:00,-360,1167.8055320978165,,,,,,True,e8ae27101edad8d40bc9fad6feb4c8e3be865eb9,2023-08-08 14:21:58-06:00,2023-08-08 14:41:26-06:00
bb6207bd315890ca37bed37cfb874d362ab9444a,Walking,Jason’s Apple Watch,"<<HKDevice: 0xc7f9d7890>, name:Apple Watch, manufacturer:Apple Inc., model:Watch, hardware:Watch6,4, software:9.6, creation date:2023-08-08 08:08:39 +0000>",2023-08-09 18:38:41+00:00,2023-08-09 19:31:04+00:00,-360,3142.632126688957,,,,,,True,0e171a3b731ea44889cd9fe41ef0bf3695292e07,2023-08-09 12:38:41-06:00,2023-08-09 13:31:04-06:00
4664ca1c2c122b509abd94f6b89a6a9ff70859a0,Walking,Jason’s Apple Watch,"<<HKDevice: 0xc7f9d7890>, name:Apple Watch, manufacturer:Apple Inc., model:Watch, hardware:Watch6,4, software:9.6, creation date:2023-08-08 08:08:39 +0000>",2023-08-10 17:56:26+00:00,2023-08-10 19:06:07+00:00,-360,4180.767983913422,,,,,,True,a84b657db48b436de8385747243cc0bbcfb1099b,2023-08-10 11:56:26-06:00,2023-08-10 13:06:07-06:00
884adf462d6e8af4a3af58dce0b568673e9c4a84,Walking,Jason’s Apple Watch,"<<HKDevice: 0xc7f9d7890>, name:Apple Watch, manufacturer:Apple Inc., model:Watch, hardware:Watch6,4, software:9.6, creation date:2023-08-08 08:08:39 +0000>",2023-08-11 18:57:05+00:00,2023-08-11 20:23:05+00:00,-360,5160.843248128891,,,,,,True,ab0cb80d8336609842561ea61fcc3111605f95dd,2023-08-11 12:57:05-06:00,2023-08-11 14:23:05-06:00
39300108d1f08599da05644746369b4fb4cffc1e,Walking,Jason’s Apple Watch,"<<HKDevice: 0xc7f9d7890>, name:Apple Watch, manufacturer:Apple Inc., model:Watch, hardware:Watch6,4, software:9.6, creation date:2023-08-08 08:08:39 +0000>",2023-08-12 20:27:49+00:00,2023-08-12 21:48:37+00:00,-360,4848.341600179672,,,,,,False,,2023-08-12 14:27:49-06:00,2023-08-12 15:48:37-06:00
9e72349859dc79c2feac6b6349730a9d7b2e8ab1,Walking,Jason’s Apple Watch,"<<HKDevice: 0xc7f9d4230>, name:Apple Watch, manufacturer:Apple Inc., model:Watch, hardware:Watch6,4, software:9.6.1, creation date:2023-08-17 06:04:01 +0000>",2023-08-17 22:43:31+00:00,2023-08-18 00:00:04+00:00,-360,4592.20959341526,,,,,,True,801bfcf035f66b4fb1abd0fe5bc94606a9a0c447,2023-08-17 16:43:31-06:00,2023-08-17 18:00:04-06:00
8a35ce6e64eafea3508d7effeef70cd869271939,Walking,Jason’s Apple Watch,"<<HKDevice: 0xc7f9d4230>, name:Apple Watch, manufacturer:Apple Inc., model:Watch, hardware:Watch6,4, software:9.6.1, creation date:2023-08-17 06:04:01 +0000>",2023-08-18 21:54:08+00:00,2023-08-18 23:04:26+00:00,-360,4217.347683310509,,,,,,True,fb13f845cd551ba9d8f6476a6525027c26363ba9,2023-08-18 15:54:08-06:00,2023-08-18 17:04:26-06:00
05809b1e9ebc37502005747df8205b383092f293,Walking,Jason’s Apple Watch,"<<HKDevice: 0xc7f9d4230>, name:Apple Watch, manufacturer:Apple Inc., model:Watch, hardware:Watch6,4, software:9.6.1, creation date:2023-08-17 06:04:01 +0000>",2023-08-19 21:20:06+00:00,2023-08-19 22:20:07+00:00,-360,3600.8885080814366,,,,,,False,,2023-08-19 15:20:06-06:00,2023-08-19 16:20:07-06:00
2be6d110f390cb887707f3c0660b5883067f5be8,Walking,Jason’s Apple Watch,"<<HKDevice: 0xc7f9d4230>, name:Apple Watch, manufacturer:Apple Inc., model:Watch, hardware:Watch6,4, software:9.6.1, creation date:2023-08-17 06:04:01 +0000>",2023-08-23 22:01:33+00:00,2023-08-23 22:55:08+00:00,-360,3214.75474858284,,,,,,True,a3819407a53ff1cba8c7fb487fd1035799aced96,2023-08-23 16:01:33-06:00,2023-08-23 16:55:08-06:00
cf13c0f8434a56d585ead6d474f7fa87935173e6,Walking,Jason’s Apple Watch,"<<HKDevice: 0xc7f9d4230>, name:Apple Watch, manufacturer:Apple Inc., model:Watch, hardware:Watch6,4, software:9.6.1, creation date:2023-08-17 06:04:01 +0000>",2023-08-29 20:24:18+00:00,2023-08-29 21:19:57+00:00,-360,3339.5046831369395,,,,,,True,39f0103d414411749ae196d94c2632236fd013eb,2023-08-29 14:24:18-06:00,2023-08-29 15:19:57-06:00
3a4937246a098144794b4186e10044dee8eedac5,Walking,Jason’s Apple Watch,"<<HKDevice: 0xc7f9d4230>, name:Apple Watch, manufacturer:Apple Inc., model:Watch, hardware:Watch6,4, software:9.6.1, creation date:2023-08-17 06:04:01 +0000>",2023-08-31 00:10:44+00:00,2023-08-31 00:53:38+00:00,-360,2573.408406972885,,,,,,True,9370dc1329e4f3cf9da37e12db85eecf5cf3b9b3,2023-08-30 18:10:44-06:00,2023-08-30 18:53:38-06:00
a0b3311073dcadf4bda76fbd50767da40c0d9285,Walking,Jason’s Apple Watch,"<<HKDevice: 0xc7f9d4230>, name:Apple Watch, manufacturer:Apple Inc., model:Watch, hardware:Watch6,4, software:9.6.1, creation date:2023-08-17 06:04:01 +0000>",2023-09-05 22:24:52+00:00,2023-09-05 23:20:02+00:00,-360,3309.8888988494873,,,,,,True,b203c79c3c1e30bdf508b9a8d8cd00f8fd87c27a,2023-09-05 16:24:52-06:00,2023-09-05 17:20:02-06:00
5e09f312fe1c500ebccb6ddfc4d0b62d2b7c415b,Walking,Jason’s Apple Watch,"<<HKDevice: 0xc7f9d4d20>, name:Apple Watch, manufacturer:Apple Inc., model:Watch, hardware:Watch6,4, software:9.6.2, creation date:2023-09-10 08:11:01 +0000>",2023-09-16 15:38:50+00:00,2023-09-16 17:40:55+00:00,-360,6739.554963469506,,,,,,True,45d3afe0f429257b4c4fb9688257167ecc0f30f2,2023-09-16 09:38:50-06:00,2023-09-16 11:40:55-06:00
12d69c1439c082d5450c66aed5272a07bab3ca60,Walking,Jason’s Apple Watch,"<<HKDevice: 0xc7f9d4d20>, name:Apple Watch, manufacturer:Apple Inc., model:Watch, hardware:Watch6,4, software:9.6.2, creation date:2023-09-10 08:11:01 +0000>",2023-09-19 13:47:33+00:00,2023-09-19 14:57:44+00:00,-360,4210.869172096252,,,,,,True,046b48d5d62a695eef21c24defdc0d1553a3f972,2023-09-19 07:47:33-06:00,2023-09-19 08:57:44-06:00
407e04e463d346683139ef6500f3e784efec7231,Walking,Jason’s Apple Watch,"<<HKDevice: 0xc7f9d4d20>, name:Apple Watch, manufacturer:Apple Inc., model:Watch, hardware:Watch6,4, software:9.6.2, creation date:2023-09-10 08:11:01 +0000>",2023-09-20 13:50:01+00:00,2023-09-20 15:02:10+00:00,-360,4328.891384720802,,,,,,True,f91638ade891bc7488c2da08806a794fe3cece40,2023-09-20 07:50:01-06:00,2023-09-20 09:02:10-06:00
1ce00569ac756e028d273248ae0422138db93916,Walking,Jason’s Apple Watch,"<<HKDevice: 0xc7f9d4d20>, name:Apple Watch, manufacturer:Apple Inc., model:Watch, hardware:Watch6,4, software:9.6.2, creation date:2023-09-10 08:11:01 +0000>",2023-09-21 13:49:03+00:00,2023-09-21 14:55:47+00:00,-360,4003.8288007974625,,,,,,True,f086eccf34258553abe29e268483939dd3a5c807,2023-09-21 07:49:03-06:00,2023-09-21 08:55:47-06:00
0229040ed1f5169343eb53956cfa8ffdfaff11dd,Walking,Jason’s Apple Watch,"<<HKDevice: 0xc7f9d62b0>, name:Apple Watch, manufacturer:Apple Inc., model:Watch, hardware:Watch6,4, software:9.6.3, creation date:2023-09-25 07:04:58 +0000>",2023-10-06 23:52:17+00:00,2023-10-07 00:20:05+00:00,-360,1667.9624663591383,,,,,,True,a9188fad820880510bf112fc1010b47eb2a0b573,2023-10-06 17:52:17-06:00,2023-10-06 18:20:05-06:00
371355eb8f531ff4f757017ab40da7c70afa9247,Walking,Jason’s Apple Watch,"<<HKDevice: 0xc7f9d62b0>, name:Apple Watch, manufacturer:Apple Inc., model:Watch, hardware:Watch6,4, software:9.6.3, creation date:2023-09-25 07:04:58 +0000>",2023-10-22 00:57:06+00:00,2023-10-22 01:28:35+00:00,-360,1888.691469788551,,,,,,False,,2023-10-21 18:57:06-06:00,2023-10-21 19:28:35-06:00
4d29b204b6a85f4a76489c0851423c853aeb7cd4,Walking,Jason’s Apple Watch,"<<HKDevice: 0xc7f9d62b0>, name:Apple Watch, manufacturer:Apple Inc., model:Watch, hardware:Watch6,4, software:9.6.3, creation date:2023-09-25 07:04:58 +0000>",2023-11-13 21:15:47+00:00,2023-11-13 21:38:49+00:00,-360,1382.000910639763,,,,,,True,21a78d4d47e95f5725307902d6e9910c48a79392,2023-11-13 14:15:47-07:00,2023-11-13 14:38:49-07:00
fe63971f318cdec86e03a7f5ed142ccf0d806ba3,Walking,Jason’s Apple Watch,"<<HKDevice: 0xc7f9d62b0>, name:Apple Watch, manufacturer:Apple Inc., model:Watch, hardware:Watch6,4, software:9.6.3, creation date:2023-09-25 07:04:58 +0000>",2023-11-15 20:00:36+00:00,2023-11-15 20:20:58+00:00,-360,1221.605886101723,,,,,,False,,2023-11-15 13:00:36-07:00,2023-11-15 13:20:58-07:00
ec3c711052d3883d5ef47d3b715a08cfee1d917e,Swimming,Jason’s Apple Watch,"<<HKDevice: 0xc7f9d5e50>, name:Apple Watch, manufacturer:Apple Inc., model:Watch, hardware:Watch7,4, software:10.2, creation date:2023-12-26 20:01:19 +0000>",2023-12-26 20:48:12+00:00,2023-12-26 21:27:24+00:00,-360,2351.7602844238286,,,,,,False,,2023-12-26 13:48:12-07:00,2023-12-26 14:27:24-07:00
eaa2048d74f82acea05477578e74bf5dd9e7cbf9,Running,Peloton,,2024-01-12 00:36:54+00:00,2024-01-12 00:37:25+00:00,-360,31.000000000000004,,,,,,False,,2024-01-11 17:36:54-07:00,2024-01-11 17:37:25-07:00
349cb89bcbb709b05f27863e930c8da5395e5862,Walking,Peloton,"<<HKDevice: 0xc7f9d5e50>, name:Apple Watch, manufacturer:Apple Inc., model:Watch, hardware:Watch7,4, software:10.2, creation date:2023-12-26 20:01:19 +0000>",2024-01-16 03:48:50+00:00,2024-01-16 03:57:40+00:00,-360,530.6151189804077,,,,,,False,,2024-01-15 20:48:50-07:00,2024-01-15 20:57:40-07:00
a63f1a50d79b40571996b1e89eb281d77531a3f5,Running,Peloton,,2024-01-16 03:54:55+00:00,2024-01-16 04:24:55+00:00,-360,1800.0,,,,,,False,,2024-01-15 20:54:55-07:00,2024-01-15 21:24:55-07:00
aa189e1940fc147d160372fd2ee44758c9366e33,Running,Peloton,,2024-01-17 01:21:49+00:00,2024-01-17 01:52:36+00:00,-360,1847.0,,,,,,False,,2024-01-16 18:21:49-07:00,2024-01-16 18:52:36-07:00
8b411c3adba938e32747a12017e6573b99c26326,Running,Peloton,,2024-01-18 01:28:06+00:00,2024-01-18 01:58:52+00:00,-360,1846.0000000000002,,,,,,False,,2024-01-17 18:28:06-07:00,2024-01-17 18:58:52-07:00
4865540ea54ad1586b78e9a5b70a93fcd031fb8e,Running,Peloton,,2024-01-23 02:06:02+00:00,2024-01-23 02:21:18+00:00,-360,916.0000000000001,,,,,,False,,2024-01-22 19:06:02-07:00,2024-01-22 19:21:18-07:00
2ee7865945c3dfbee2402a34f03be946bd2f76c3,Running,Peloton,,2024-01-23 02:21:58+00:00,2024-01-23 02:54:38+00:00,-360,1959.9999999999995,,,,,,False,,2024-01-22 19:21:58-07:00,2024-01-22 19:54:38-07:00
ba58336562062cb21564e5fa81ecdb320bf9aa4c,Running,Peloton,,2024-01-23 23:51:54+00:00,2024-01-24 00:06:54+00:00,-360,900.0,,,,,,False,,2024-01-23 16:51:54-07:00,2024-01-23 17:06:54-07:00
6f56e2d1e9421bd8273359d936e1ce04b59a23ec,Running,Peloton,,2024-01-24 00:07:47+00:00,2024-01-24 00:20:02+00:00,-360,735.0,,,,,,False,,2024-01-23 17:07:47-07:00,2024-01-23 17:20:02-07:00
f7698df2e6301b625fbfe83ad0dfbe746d92b2be,Running,Peloton,,2024-01-24 23:37:48+00:00,2024-01-24 23:45:04+00:00,-360,436.0,,,,,,False,,2024-01-24 16:37:48-07:00,2024-01-24 16:45:04-07:00
39fca931cdab0c3dee553ed41c792c78142a0b05,Running,Peloton,,2024-01-24 23:54:59+00:00,2024-01-25 00:10:01+00:00,-360,901.9999999999998,,,,,,False,,2024-01-24 16:54:59-07:00,2024-01-24 17:10:01-07:00
ce9273a4679093319f4115927842300ce34893ca,Running,Peloton,,2024-01-26 00:11:24+00:00,2024-01-26 00:41:32+00:00,-360,1807.9999999999998,,,,,,False,,2024-01-25 17:11:24-07:00,2024-01-25 17:41:32-07:00
8c64af3f2ca767b9ecb37acc228e415ac2dd1416,Running,Peloton,,2024-01-30 03:12:07+00:00,2024-01-30 03:12:37+00:00,-360,30.0,,,,,,False,,2024-01-29 20:12:07-07:00,2024-01-29 20:12:37-07:00
ec03af3275c060dd1a8d7fcded172c5911d88235,Running,Peloton,,2024-01-30 03:13:11+00:00,2024-01-30 03:22:36+00:00,-360,565.0,,,,,,False,,2024-01-29 20:13:11-07:00,2024-01-29 20:22:36-07:00
9bd3a1b4d42f8de03dd86a85350bda27ca220937,Running,Peloton,,2024-01-30 03:25:58+00:00,2024-01-30 03:55:59+00:00,-360,1801.0000000000002,,,,,,False,,2024-01-29 20:25:58-07:00,2024-01-29 20:55:59-07:00
ee38486b0b1ee61fd608e53f4e5489d94000d371,Running,Peloton,,2024-01-31 01:19:09+00:00,2024-01-31 01:22:15+00:00,-360,186.0,,,,,,False,,2024-01-30 18:19:09-07:00,2024-01-30 18:22:15-07:00
530dcdcb33edcde82fde459a2c2d46557ccdb944,Running,Peloton,,2024-01-31 01:24:18+00:00,2024-01-31 01:54:32+00:00,-360,1813.9999999999998,,,,,,False,,2024-01-30 18:24:18-07:00,2024-01-30 18:54:32-07:00
251c80357014ff000be793877ce606d2a0752be2,Walking,Jason’s Apple Watch,"<<HKDevice: 0xc7fae2e90>, name:Apple Watch, manufacturer:Apple Inc., model:Watch, hardware:Watch7,4, software:10.3, creation date:2024-01-24 08:18:41 +0000>",2024-02-06 23:02:35+00:00,2024-02-07 00:24:40+00:00,-360,4377.041895270348,,,,,,True,b174a1bc4d6f061650fc1a53276f5b63c0d6800e,2024-02-06 16:02:35-07:00,2024-02-06 17:24:40-07:00
c9934716c34e18cbea0e6fc6781fec32e9da37c6,Running,Peloton,,2024-02-09 00:43:22+00:00,2024-02-09 01:13:35+00:00,-360,1813.0,,,,,,False,,2024-02-08 17:43:22-07:00,2024-02-08 18:13:35-07:00
47229238517dad552afdb5cb44c98b8bcaad1df0,Walking,Jason’s Apple Watch,"<<HKDevice: 0xc7fae1ea0>, name:Apple Watch, manufacturer:Apple Inc., model:Watch, hardware:Watch7,4, software:10.3.1, creation date:2024-02-10 08:42:09 +0000>",2024-02-13 22:21:03+00:00,2024-02-13 23:45:53+00:00,-360,5089.60168504715,,,,,,True,c97ddbab435e08557c65d1317d1f3abb5fdcec53,2024-02-13 15:21:03-07:00,2024-02-13 16:45:53-07:00
53fe2443c7626d097d61f7707b10a266fed573a5,Walking,Jason’s Apple Watch,"<<HKDevice: 0xc7fae1ea0>, name:Apple Watch, manufacturer:Apple Inc., model:Watch, hardware:Watch7,4, software:10.3.1, creation date:2024-02-10 08:42:09 +0000>",2024-02-19 17:49:32+00:00,2024-02-19 19:12:12+00:00,-360,4959.933171629906,,,,,,False,,2024-02-19 10:49:32-07:00,2024-02-19 12:12:12-07:00
8524d7066a408020baa060bbc9574857c4eb4562,Walking,Jason’s Apple Watch,"<<HKDevice: 0xc7fae37a0>, name:Apple Watch, manufacturer:Apple Inc., model:Watch, hardware:Watch7,4, software:10.4, creation date:2024-03-10 08:05:16 +0000>",2024-03-13 00:05:43+00:00,2024-03-13 01:28:16+00:00,-360,4953.351076126099,,,,,,True,62cdc3d52780f1b4121385401087fd431a4aa2fe,2024-03-12 18:05:43-06:00,2024-03-12 19:28:16-06:00
50f495f0b4c2a07d9099fea610a4d34277a08dda,Walking,Jason’s Apple Watch,"<<HKDevice: 0xc7fae37a0>, name:Apple Watch, manufacturer:Apple Inc., model:Watch, hardware:Watch7,4, software:10.4, creation date:2024-03-10 08:05:16 +0000>",2024-03-16 18:21:43+00:00,2024-03-16 18:49:09+00:00,-360,1646.235439181328,,,,,,True,8cbe7f8ed7036f848061b512eb24f2bc4f4b2cb6,2024-03-16 12:21:43-06:00,2024-03-16 12:49:09-06:00
f57eb5fb71d2aced0802bc8365ff43192d981504,Walking,Jason’s Apple Watch,"<<HKDevice: 0xc7fae37a0>, name:Apple Watch, manufacturer:Apple Inc., model:Watch, hardware:Watch7,4, software:10.4, creation date:2024-03-10 08:05:16 +0000>",2024-03-16 20:18:06+00:00,2024-03-16 20:50:58+00:00,-360,1972.4713360071187,,,,,,False,,2024-03-16 14:18:06-06:00,2024-03-16 14:50:58-06:00
7ff5777172b1e5f3fb1c99876e5bcd4f52f82828,Walking,Jason’s Apple Watch,"<<HKDevice: 0xc7fae37a0>, name:Apple Watch, manufacturer:Apple Inc., model:Watch, hardware:Watch7,4, software:10.4, creation date:2024-03-10 08:05:16 +0000>",2024-03-20 00:09:24+00:00,2024-03-20 01:35:32+00:00,-360,5167.532744765282,,,,,,True,14c186b3e210fc3f6be24f3264a942b0d1be64e5,2024-03-19 18:09:24-06:00,2024-03-19 19:35:32-06:00
49bbdf458e09e623a00b978cdee1ba57b58849ef,Walking,Jason’s Apple Watch,"<<HKDevice: 0xc7fae37a0>, name:Apple Watch, manufacturer:Apple Inc., model:Watch, hardware:Watch7,4, software:10.4, creation date:2024-03-10 08:05:16 +0000>",2024-03-21 23:10:11+00:00,2024-03-22 00:36:39+00:00,-360,5188.016371488571,,,,,,True,7d81bd9c9c032841d81c8fb71367dc24c7fbf013,2024-03-21 17:10:11-06:00,2024-03-21 18:36:39-06:00
f80a9a0f71e8195c11604038570f54c91bc77e0e,Walking,Jason’s Apple Watch,"<<HKDevice: 0xc7fae37a0>, name:Apple Watch, manufacturer:Apple Inc., model:Watch, hardware:Watch7,4, software:10.4, creation date:2024-03-10 08:05:16 +0000>",2024-03-22 19:50:47+00:00,2024-03-22 21:27:26+00:00,-360,5798.274471521378,,,,,,True,e98f3727ea1d39844e7875a1d8ae967034a0a426,2024-03-22 13:50:47-06:00,2024-03-22 15:27:26-06:00
b8a01ca54ff404eed4dff7f9872f0728745d37d9,Walking,Jason’s Apple Watch,"<<HKDevice: 0xc7fae37a0>, name:Apple Watch, manufacturer:Apple Inc., model:Watch, hardware:Watch7,4, software:10.4, creation date:2024-03-10 08:05:16 +0000>",2024-03-28 21:21:22+00:00,2024-03-28 22:42:54+00:00,-360,4891.749908924103,,,,,,True,500e2d991612d5423a43d1a714efbd29fad32fa6,2024-03-28 15:21:22-06:00,2024-03-28 16:42:54-06:00
f05870e0b8e4f9d05d3f2d71ca857435bfafe7d7,Walking,Jason’s Apple Watch,"<<HKDevice: 0xc7fae37a0>, name:Apple Watch, manufacturer:Apple Inc., model:Watch, hardware:Watch7,4, software:10.4, creation date:2024-03-10 08:05:16 +0000>",2024-04-02 21:43:53+00:00,2024-04-02 23:07:08+00:00,-360,4994.279929637909,,,,,,True,cb49541204aaeda18ebc116ca7f75e7e05f04e5c,2024-04-02 15:43:53-06:00,2024-04-02 17:07:08-06:00
96a39899d36dbb29ada10a650a41d476bb350084,Walking,Jason’s Apple Watch,"<<HKDevice: 0xc7fae37a0>, name:Apple Watch, manufacturer:Apple Inc., model:Watch, hardware:Watch7,4, software:10.4, creation date:2024-03-10 08:05:16 +0000>",2024-04-03 19:20:23+00:00,2024-04-03 20:59:39+00:00,-360,5955.318944811821,,,,,,True,39c208fcd8945367b4be51413671a38ba198ec36,2024-04-03 13:20:23-06:00,2024-04-03 14:59:39-06:00
98b4b2d26e897cd7fc14b958fc18037cf8f16484,Walking,Jason’s Apple Watch,"<<HKDevice: 0xc7fae37a0>, name:Apple Watch, manufacturer:Apple Inc., model:Watch, hardware:Watch7,4, software:10.4, creation date:2024-03-10 08:05:16 +0000>",2024-04-04 22:38:02+00:00,2024-04-04 23:47:08+00:00,-360,4146.484246373177,,,,,,True,8aac74e73d70682fcd43db0c0bf4560c86c8087c,2024-04-04 16:38:02-06:00,2024-04-04 17:47:08-06:00
d6c9e0f824b58332df1dfb254f730e5cc4f27bc2,Walking,Jason’s Apple Watch,"<<HKDevice: 0xc7fae37a0>, name:Apple Watch, manufacturer:Apple Inc., model:Watch, hardware:Watch7,4, software:10.4, creation date:2024-03-10 08:05:16 +0000>",2024-04-07 22:35:34+00:00,2024-04-07 23:31:52+00:00,-360,3378.546663880348,,,,,,True,8e8ac1cdccf6ef08758b98c5047e10db7b031652,2024-04-07 16:35:34-06:00,2024-04-07 17:31:52-06:00
1afdb1580b089669bf560b60e7389c8dc3235493,Walking,Jason’s Apple Watch,"<<HKDevice: 0xc7fae37a0>, name:Apple Watch, manufacturer:Apple Inc., model:Watch, hardware:Watch7,4, software:10.4, creation date:2024-03-10 08:05:16 +0000>",2024-04-08 21:50:57+00:00,2024-04-08 23:26:53+00:00,-360,5756.102692246437,,,,,,True,89a8252efdeedc4601b046a5691a695d4c7f6f7c,2024-04-08 15:50:57-06:00,2024-04-08 17:26:53-06:00
ce18540be7335c8c691b6c032b7d1fb534e29d24,Walking,Jason’s Apple Watch,"<<HKDevice: 0xc7fae37a0>, name:Apple Watch, manufacturer:Apple Inc., model:Watch, hardware:Watch7,4, software:10.4, creation date:2024-03-10 08:05:16 +0000>",2024-04-09 22:10:15+00:00,2024-04-09 23:44:27+00:00,-360,5651.501982212067,,,,,,True,3172e6ea14386ffd416cbf822a5364dc61635e30,2024-04-09 16:10:15-06:00,2024-04-09 17:44:27-06:00
7b5bb3b7b70032054ba14f5ab70f6eba5b81b627,Walking,Jason’s Apple Watch,"<<HKDevice: 0xc7fae37a0>, name:Apple Watch, manufacturer:Apple Inc., model:Watch, hardware:Watch7,4, software:10.4, creation date:2024-03-10 08:05:16 +0000>",2024-04-11 22:45:27+00:00,2024-04-12 00:18:03+00:00,-360,5556.31115424633,,,,,,True,44a27bf0f492229f6793ea9e68a70939e5171ef5,2024-04-11 16:45:27-06:00,2024-04-11 18:18:03-06:00
c443c4409fef928d95c083132cebc5c431eedf87,Walking,Jason’s Apple Watch,"<<HKDevice: 0xc7fae37a0>, name:Apple Watch, manufacturer:Apple Inc., model:Watch, hardware:Watch7,4, software:10.4, creation date:2024-03-10 08:05:16 +0000>",2024-04-16 21:17:40+00:00,2024-04-16 23:03:31+00:00,-360,6350.560057520868,,,,,,True,1362257ee32e1d0bf9e17c1660ac4b43d3daa0d7,2024-04-16 15:17:40-06:00,2024-04-16 17:03:31-06:00
7f1ccedfb3362c6a53c80c4bef0498c83226b955,Walking,Jason’s Apple Watch,"<<HKDevice: 0xc7fae37a0>, name:Apple Watch, manufacturer:Apple Inc., model:Watch, hardware:Watch7,4, software:10.4, creation date:2024-03-10 08:05:16 +0000>",2024-05-03 21:25:08+00:00,2024-05-03 22:40:46+00:00,-360,4538.189277410507,,,,,,True,cf6e62c8128b3445cbe036f06e06de32f0e9730a,2024-05-03 15:25:08-06:00,2024-05-03 16:40:46-06:00
4efba57d242343b66da5486ee00c164f97f1f5be,Walking,Jason’s Apple Watch,"<<HKDevice: 0xc7fae37a0>, name:Apple Watch, manufacturer:Apple Inc., model:Watch, hardware:Watch7,4, software:10.4, creation date:2024-03-10 08:05:16 +0000>",2024-05-08 15:41:54+00:00,2024-05-08 16:21:12+00:00,-360,2358.0646463632584,,,,,,False,,2024-05-08 09:41:54-06:00,2024-05-08 10:21:12-06:00
bac79e06eb37e3816c10fd67c1bd85bf833b7a84,Walking,Jason’s Apple Watch,"<<HKDevice: 0xc7fae37a0>, name:Apple Watch, manufacturer:Apple Inc., model:Watch, hardware:Watch7,4, software:10.4, creation date:2024-03-10 08:05:16 +0000>",2024-05-09 14:01:01+00:00,2024-05-09 14:32:24+00:00,-360,1882.3246439695356,,,,,,True,88343d902be33fbdec06a66f465c36392c0d415d,2024-05-09 08:01:01-06:00,2024-05-09 08:32:24-06:00
b3defbb15987c3cf3c8a7c7d13211544832b2c40,Walking,Jason’s Apple Watch,"<<HKDevice: 0xc7fae37a0>, name:Apple Watch, manufacturer:Apple Inc., model:Watch, hardware:Watch7,4, software:10.4, creation date:2024-03-10 08:05:16 +0000>",2024-05-12 20:12:44+00:00,2024-05-12 22:09:13+00:00,-360,6988.877959966661,,,,,,True,ad1772deb8872ff38187ffe90166c59edf4d997f,2024-05-12 14:12:44-06:00,2024-05-12 16:09:13-06:00
6ee00fb507ac152bcadd9d812ca95d68de88e044,Walking,Jason’s Apple Watch,"<<HKDevice: 0xc7fac4c30>, name:Apple Watch, manufacturer:Apple Inc., model:Watch, hardware:Watch7,4, software:10.5, creation date:2024-05-17 08:32:17 +0000>",2024-05-18 02:13:04+00:00,2024-05-18 02:48:17+00:00,-360,2112.6985080242157,,,,,,True,175e5e36e321ee7bc31d1661670ba36170742ed7,2024-05-17 20:13:04-06:00,2024-05-17 20:48:17-06:00
1ffbf07f0a48bcfea8df8cb658120fb7db822e0f,Walking,Jason’s Apple Watch,"<<HKDevice: 0xc7fac4c30>, name:Apple Watch, manufacturer:Apple Inc., model:Watch, hardware:Watch7,4, software:10.5, creation date:2024-05-17 08:32:17 +0000>",2024-05-19 19:59:13+00:00,2024-05-19 21:19:55+00:00,-360,4842.016546845436,,,,,,True,ff4d0b7936000ffaee53ed098fd180daa40d0bc5,2024-05-19 13:59:13-06:00,2024-05-19 15:19:55-06:00
f5cd26d80f08efd878daf5b188a154770bf2485f,Walking,Jason’s Apple Watch,"<<HKDevice: 0xc7fac4c30>, name:Apple Watch, manufacturer:Apple Inc., model:Watch, hardware:Watch7,4, software:10.5, creation date:2024-05-17 08:32:17 +0000>",2024-05-22 22:55:29+00:00,2024-05-23 00:35:29+00:00,-360,6000.05509507656,,,,,,True,8b6e22a6b9769e48322b94c27afda9e883314da4,2024-05-22 16:55:29-06:00,2024-05-22 18:35:29-06:00
bef5b6fd000f708646ba87b9a432145dffe236b8,Walking,Jason’s Apple Watch,"<<HKDevice: 0xc7fac4c30>, name:Apple Watch, manufacturer:Apple Inc., model:Watch, hardware:Watch7,4, software:10.5, creation date:2024-05-17 08:32:17 +0000>",2024-05-24 00:36:41+00:00,2024-05-24 01:54:44+00:00,-360,4683.347196102142,,,,,,True,842ce3be27eb41c23e2ba60095bdb512bd3b0866,2024-05-23 18:36:41-06:00,2024-05-23 19:54:44-06:00
78e87cb76740d52954d47c5c18dec1c5336e923c,Walking,Jason’s Apple Watch,"<<HKDevice: 0xc7fac4c30>, name:Apple Watch, manufacturer:Apple Inc., model:Watch, hardware:Watch7,4, software:10.5, creation date:2024-05-17 08:32:17 +0000>",2024-05-29 14:00:42+00:00,2024-05-29 14:44:29+00:00,-360,2627.5298862457275,,,,,,True,d55bfc05e3eb96bd69f7cd4a384311bdb4815043,2024-05-29 08:00:42-06:00,2024-05-29 08:44:29-06:00
a6954f68320d3b4f64246e01a9847c283573491d,Walking,Jason’s Apple Watch,"<<HKDevice: 0xc7fac4c30>, name:Apple Watch, manufacturer:Apple Inc., model:Watch, hardware:Watch7,4, software:10.5, creation date:2024-05-17 08:32:17 +0000>",2024-05-30 16:49:24+00:00,2024-05-30 17:36:55+00:00,-360,2851.24660050869,,,,,,True,b61c8fe8f2f15b3f7d7d250f4a1cd719de23d295,2024-05-30 10:49:24-06:00,2024-05-30 11:36:55-06:00
5173813f2d89e117361d25840960aaafec4ad9a2,Walking,Jason’s Apple Watch,"<<HKDevice: 0xc7fac4c30>, name:Apple Watch, manufacturer:Apple Inc., model:Watch, hardware:Watch7,4, software:10.5, creation date:2024-05-17 08:32:17 +0000>",2024-05-30 19:05:40+00:00,2024-05-30 19:35:33+00:00,-360,1793.50375187397,,,,,,False,,2024-05-30 13:05:40-06:00,2024-05-30 13:35:33-06:00
38397cbe2568b75e4ffa5a7c422633eb197a44a5,Walking,Jason’s Apple Watch,"<<HKDevice: 0xc7fac4c30>, name:Apple Watch, manufacturer:Apple Inc., model:Watch, hardware:Watch7,4, software:10.5, creation date:2024-05-17 08:32:17 +0000>",2024-05-31 14:46:21+00:00,2024-05-31 15:52:39+00:00,-360,1512.4529712200167,,,,,,True,763b003c0412d6ef1a60c65680670a946811be3b,2024-05-31 08:46:21-06:00,2024-05-31 09:52:39-06:00
a89d401e6645339ef351b4cfb102fff180694024,Walking,Jason’s Apple Watch,"<<HKDevice: 0xc7fac4c30>, name:Apple Watch, manufacturer:Apple Inc., model:Watch, hardware:Watch7,4, software:10.5, creation date:2024-05-17 08:32:17 +0000>",2024-06-02 17:01:14+00:00,2024-06-02 17:57:33+00:00,-360,3379.009282469749,,,,,,True,82b45a10e344c8ec7a985395afc8bbd79ed9d6cc,2024-06-02 11:01:14-06:00,2024-06-02 11:57:33-06:00
8a8ce75a00e2aa6264a2f6f90ef05e4e1502d232,Walking,Jason’s Apple Watch,"<<HKDevice: 0xc7fac4c30>, name:Apple Watch, manufacturer:Apple Inc., model:Watch, hardware:Watch7,4, software:10.5, creation date:2024-05-17 08:32:17 +0000>",2024-06-03 12:20:57+00:00,2024-06-03 12:50:43+00:00,-360,1786.3953120708468,,,,,,True,a12cf8b0492c3417bb02d19f4d86f1737f5387b2,2024-06-03 06:20:57-06:00,2024-06-03 06:50:43-06:00
8fdf32c83cde5253be015ce657684d05a1b71641,Walking,Jason’s Apple Watch,"<<HKDevice: 0xc7fac4c30>, name:Apple Watch, manufacturer:Apple Inc., model:Watch, hardware:Watch7,4, software:10.5, creation date:2024-05-17 08:32:17 +0000>",2024-06-04 12:43:36+00:00,2024-06-04 13:20:52+00:00,-360,2235.9944227933884,,,,,,True,b2a9ba36d2e697f63226b5eb43e1d385f0abf546,2024-06-04 06:43:36-06:00,2024-06-04 07:20:52-06:00
0d0c71ba6add3fcaae5177a5b60a7310c9d7b00d,Walking,Jason’s Apple Watch,"<<HKDevice: 0xc7fac4c30>, name:Apple Watch, manufacturer:Apple Inc., model:Watch, hardware:Watch7,4, software:10.5, creation date:2024-05-17 08:32:17 +0000>",2024-06-05 11:09:30+00:00,2024-06-05 12:19:31+00:00,-360,4201.248493432999,,,,,,True,443806312c6c0e2d34ba1fa854485a332d11d873,2024-06-05 05:09:30-06:00,2024-06-05 06:19:31-06:00
cad79508fe02610f38593810b87b48512a65d6b3,Walking,Jason’s Apple Watch,"<<HKDevice: 0xc7fac4c30>, name:Apple Watch, manufacturer:Apple Inc., model:Watch, hardware:Watch7,4, software:10.5, creation date:2024-05-17 08:32:17 +0000>",2024-06-06 08:25:31+00:00,2024-06-06 09:09:04+00:00,-360,2613.132837533951,,,,,,True,71f102058c1700a9897ff46268b904d45ef9207c,2024-06-06 02:25:31-06:00,2024-06-06 03:09:04-06:00
2648c93386c03073f96249b7bf86502767f68188,Cycling,Jason’s Apple Watch,"<<HKDevice: 0xc7fac4c30>, name:Apple Watch, manufacturer:Apple Inc., model:Watch, hardware:Watch7,4, software:10.5, creation date:2024-05-17 08:32:17 +0000>",2024-06-06 09:54:29+00:00,2024-06-06 10:14:20+00:00,-360,1191.4111293554304,,,,,,True,ad53509906d061b96b76fb628856614f506c10da,2024-06-06 03:54:29-06:00,2024-06-06 04:14:20-06:00
b669c90d44d9be9d8a60451eca520b3e0091b132,Cycling,Jason’s Apple Watch,"<<HKDevice: 0xc7fac4c30>, name:Apple Watch, manufacturer:Apple Inc., model:Watch, hardware:Watch7,4, software:10.5, creation date:2024-05-17 08:32:17 +0000>",2024-06-06 19:14:07+00:00,2024-06-06 19:38:19+00:00,-360,1452.8986642360685,,,,,,True,5c3bb9c61fd59ac74d006217cfc048f37ad0a46a,2024-06-06 13:14:07-06:00,2024-06-06 13:38:19-06:00
2e1a77b2e9dfb96f5da2224ffeabd7f065d2c164,Walking,Jason’s Apple Watch,"<<HKDevice: 0xc7fac4c30>, name:Apple Watch, manufacturer:Apple Inc., model:Watch, hardware:Watch7,4, software:10.5, creation date:2024-05-17 08:32:17 +0000>",2024-06-06 21:34:14+00:00,2024-06-06 22:06:16+00:00,-360,1921.4643679857259,,,,,,True,15922f5c94520568da96468a5f209e0f87e82c1c,2024-06-06 15:34:14-06:00,2024-06-06 16:06:16-06:00
f0c0a85f21a62366ce8bbf1b1a7728988fea00ce,Walking,Jason’s Apple Watch,"<<HKDevice: 0xc7fac4c30>, name:Apple Watch, manufacturer:Apple Inc., model:Watch, hardware:Watch7,4, software:10.5, creation date:2024-05-17 08:32:17 +0000>",2024-06-09 00:55:43+00:00,2024-06-09 01:23:58+00:00,-360,1694.6297469139097,,,,,,True,97bf2d4a6fdf7db4cabb92e3c2e0f192a2b4bcb2,2024-06-08 18:55:43-06:00,2024-06-08 19:23:58-06:00
c628e776900c8b1828e07b03ccfdfaaa49285a93,Walking,Jason’s Apple Watch,"<<HKDevice: 0xc7fac4c30>, name:Apple Watch, manufacturer:Apple Inc., model:Watch, hardware:Watch7,4, software:10.5, creation date:2024-05-17 08:32:17 +0000>",2024-06-09 02:41:47+00:00,2024-06-09 03:04:03+00:00,-360,1336.193235039711,,,,,,True,0bc19482fdfcdf8ad8cd8fc33f0eb370ccaaa140,2024-06-08 20:41:47-06:00,2024-06-08 21:04:03-06:00
03688f9a30331fa36aff1b32b5a92a9d780db618,Walking,Jason’s Apple Watch,"<<HKDevice: 0xc7fac4c30>, name:Apple Watch, manufacturer:Apple Inc., model:Watch, hardware:Watch7,4, software:10.5, creation date:2024-05-17 08:32:17 +0000>",2024-06-12 20:56:10+00:00,2024-06-12 22:39:19+00:00,-360,6189.148209452628,,,,,,True,6db74c3d3508f6c38ea0d22714c57d16adcf9f18,2024-06-12 14:56:10-06:00,2024-06-12 16:39:19-06:00
cacab87f43bf86b2d74a632268d2ec6b7b573b57,Walking,Jason’s Apple Watch,"<<HKDevice: 0xc7fac4c30>, name:Apple Watch, manufacturer:Apple Inc., model:Watch, hardware:Watch7,4, software:10.5, creation date:2024-05-17 08:32:17 +0000>",2024-06-14 18:34:24+00:00,2024-06-14 19:23:45+00:00,-360,2961.0674079656605,,,,,,True,2d72174acb24ae2f5f6a40748a908e4441d0a96b,2024-06-14 12:34:24-06:00,2024-06-14 13:23:45-06:00
76603526253077e9b50d8d285588d82b2610425e,Walking,Jason’s Apple Watch,"<<HKDevice: 0xc7fac4c30>, name:Apple Watch, manufacturer:Apple Inc., model:Watch, hardware:Watch7,4, software:10.5, creation date:2024-05-17 08:32:17 +0000>",2024-06-20 00:15:30+00:00,2024-06-20 01:26:08+00:00,-360,3215.1284223794937,,,,,,True,b8dd85a893c6345d6026027a0b22d123d2250c17,2024-06-19 18:15:30-06:00,2024-06-19 19:26:08-06:00
26adfc8579f0f0f2e2a4bd430c7ea2faeb8fb777,Walking,Jason’s Apple Watch,"<<HKDevice: 0xc7fac4c30>, name:Apple Watch, manufacturer:Apple Inc., model:Watch, hardware:Watch7,4, software:10.5, creation date:2024-05-17 08:32:17 +0000>",2024-06-20 23:28:18+00:00,2024-06-21 00:37:23+00:00,-360,4144.286827802658,,,,,,False,,2024-06-20 17:28:18-06:00,2024-06-20 18:37:23-06:00
363b5bf6c22894fc75ecacabae16d82704f0fbe7,Walking,Jason’s Apple Watch,"<<HKDevice: 0xc7fac4c30>, name:Apple Watch, manufacturer:Apple Inc., model:Watch, hardware:Watch7,4, software:10.5, creation date:2024-05-17 08:32:17 +0000>",2024-06-21 20:33:45+00:00,2024-06-21 21:23:08+00:00,-360,2962.9155839681625,,,,,,True,1d12520cc530445547c8ddf90f2270d8c97c9cee,2024-06-21 14:33:45-06:00,2024-06-21 15:23:08-06:00
e15f6b88ec783cfdaf08da6cfc6d8206101dc5ee,Walking,Jason’s Apple Watch,"<<HKDevice: 0xc7fac4c30>, name:Apple Watch, manufacturer:Apple Inc., model:Watch, hardware:Watch7,4, software:10.5, creation date:2024-05-17 08:32:17 +0000>",2024-06-25 01:38:39+00:00,2024-06-25 02:51:33+00:00,-360,4373.7888749837875,,,,,,True,3370ce9689f8ad5953b31dc0553ac5c8565f20f5,2024-06-24 19:38:39-06:00,2024-06-24 20:51:33-06:00
dcb8efd839cbab5ecf6539ec829906d4fb367151,Walking,Jason’s Apple Watch,"<<HKDevice: 0xc7fac4c30>, name:Apple Watch, manufacturer:Apple Inc., model:Watch, hardware:Watch7,4, software:10.5, creation date:2024-05-17 08:32:17 +0000>",2024-06-26 00:17:12+00:00,2024-06-26 01:20:32+00:00,-360,3799.1090588569637,,,,,,True,d34797d46c41abc5dbf1e559e45ae96f9462dcec,2024-06-25 18:17:12-06:00,2024-06-25 19:20:32-06:00
65dfc532d69e49902694a326523a21c1dea04550,Walking,Jason’s Apple Watch,"<<HKDevice: 0xc7fac4c30>, name:Apple Watch, manufacturer:Apple Inc., model:Watch, hardware:Watch7,4, software:10.5, creation date:2024-05-17 08:32:17 +0000>",2024-06-30 18:03:15+00:00,2024-06-30 18:32:21+00:00,-360,1746.4129180908203,,,,,,True,d771f2e396de0b0ed911632b4782519f01dc0ae2,2024-06-30 12:03:15-06:00,2024-06-30 12:32:21-06:00
d962bb7312bb387f425c9f0d47aed8a84598b4e2,Walking,Jason’s Apple Watch,"<<HKDevice: 0xc7fac4c30>, name:Apple Watch, manufacturer:Apple Inc., model:Watch, hardware:Watch7,4, software:10.5, creation date:2024-05-17 08:32:17 +0000>",2024-06-30 18:45:50+00:00,2024-06-30 19:43:45+00:00,-360,3474.915157556534,,,,,,True,2de5fd7dc399eb0178e85f626fd00378938acf0e,2024-06-30 12:45:50-06:00,2024-06-30 13:43:45-06:00
db734d999d1d33cb51fce31a105f1cfc5de991f6,Walking,Jason’s Apple Watch,"<<HKDevice: 0xc7fac4c30>, name:Apple Watch, manufacturer:Apple Inc., model:Watch, hardware:Watch7,4, software:10.5, creation date:2024-05-17 08:32:17 +0000>",2024-07-07 19:06:42+00:00,2024-07-07 20:35:19+00:00,-360,5316.920958042145,,,,,,True,ab736b8edbc5c9d3a894edfc1c5d21f358939c31,2024-07-07 13:06:42-06:00,2024-07-07 14:35:19-06:00
adbdea84e31068757d84d411f89524057f7ddbdb,Walking,Jason’s Apple Watch,"<<HKDevice: 0xc7fac4c30>, name:Apple Watch, manufacturer:Apple Inc., model:Watch, hardware:Watch7,4, software:10.5, creation date:2024-05-17 08:32:17 +0000>",2024-07-09 23:40:36+00:00,2024-07-10 01:15:25+00:00,-360,5688.1153037548065,,,,,,True,992806de4666b324ac5cfd55bf41caf6c8cfc35b,2024-07-09 17:40:36-06:00,2024-07-09 19:15:25-06:00
19842674ebb3be985175aec7a707936e34ec5ff3,Walking,Jason’s Apple Watch,"<<HKDevice: 0xc7fac4c30>, name:Apple Watch, manufacturer:Apple Inc., model:Watch, hardware:Watch7,4, software:10.5, creation date:2024-05-17 08:32:17 +0000>",2024-07-11 01:11:35+00:00,2024-07-11 02:39:30+00:00,-360,5275.327157735825,,,,,,True,ec6b3a0dff664aab64dc339d704e011d1bc9bcc7,2024-07-10 19:11:35-06:00,2024-07-10 20:39:30-06:00
610e9067cfd2c8219695aff9571bcb05151842e9,Walking,Jason’s Apple Watch,"<<HKDevice: 0xc7fac4c30>, name:Apple Watch, manufacturer:Apple Inc., model:Watch, hardware:Watch7,4, software:10.5, creation date:2024-05-17 08:32:17 +0000>",2024-07-16 23:51:08+00:00,2024-07-17 01:13:55+00:00,-360,4966.733519434929,,,,,,True,e400fe53748553dcd44594cec11ba4c4776361fa,2024-07-16 17:51:08-06:00,2024-07-16 19:13:55-06:00
59343b2ffdb7e5903c0c2f7f163cf81df8830edf,Walking,Jason’s Apple Watch,"<<HKDevice: 0xc7fac4c30>, name:Apple Watch, manufacturer:Apple Inc., model:Watch, hardware:Watch7,4, software:10.5, creation date:2024-05-17 08:32:17 +0000>",2024-07-20 19:37:57+00:00,2024-07-20 20:53:01+00:00,-360,4504.12323820591,,,,,,True,b952eb3b19043e4b7ef22f6208cf4fcb94c3df2d,2024-07-20 13:37:57-06:00,2024-07-20 14:53:01-06:00
ecab5f32830214c76776d639743f143936803757,Walking,Jason’s Apple Watch,"<<HKDevice: 0xc7fac4c30>, name:Apple Watch, manufacturer:Apple Inc., model:Watch, hardware:Watch7,4, software:10.5, creation date:2024-05-17 08:32:17 +0000>",2024-07-22 01:05:59+00:00,2024-07-22 01:25:59+00:00,-360,1200.2587209939954,,,,,,True,2a0ed5bf4d70bd4563630a6ed00883e66f9131d9,2024-07-21 19:05:59-06:00,2024-07-21 19:25:59-06:00
764458da266707b1566133c8b9e69fc2ad1a0415,Walking,Jason’s Apple Watch,"<<HKDevice: 0xc7fac4c30>, name:Apple Watch, manufacturer:Apple Inc., model:Watch, hardware:Watch7,4, software:10.5, creation date:2024-05-17 08:32:17 +0000>",2024-07-24 00:26:17+00:00,2024-07-24 01:38:35+00:00,-360,4337.506582021713,,,,,,True,a0bfb25a7cce8fb74ea09ca765ca0fa1c1bdcc18,2024-07-23 18:26:17-06:00,2024-07-23 19:38:35-06:00
4e6b373d4e07237eff5f8c40c73d934fa5061ddc,Walking,Jason’s Apple Watch,"<<HKDevice: 0xc7fac4c30>, name:Apple Watch, manufacturer:Apple Inc., model:Watch, hardware:Watch7,4, software:10.5, creation date:2024-05-17 08:32:17 +0000>",2024-07-26 01:10:17+00:00,2024-07-26 02:22:54+00:00,-360,4356.253347992897,,,,,,True,babddce37a7b8b11dd3e11dcc4a928d22fd615a4,2024-07-25 19:10:17-06:00,2024-07-25 20:22:54-06:00
1d813a7585b6c47eadabe0e5066220813a4ae5d1,Walking,Jason’s Apple Watch,"<<HKDevice: 0xc7fac4c30>, name:Apple Watch, manufacturer:Apple Inc., model:Watch, hardware:Watch7,4, software:10.5, creation date:2024-05-17 08:32:17 +0000>",2024-07-26 23:10:12+00:00,2024-07-27 00:38:25+00:00,-360,5292.425173997879,,,,,,True,f82ec493884ce249c0f748a78f3d574eb9301b85,2024-07-26 17:10:12-06:00,2024-07-26 18:38:25-06:00
2c26f9e006cc26e1c029fc4e8788a7f0ffe1e417,Walking,Jason’s Apple Watch,"<<HKDevice: 0xc7fac4c30>, name:Apple Watch, manufacturer:Apple Inc., model:Watch, hardware:Watch7,4, software:10.5, creation date:2024-05-17 08:32:17 +0000>",2024-07-27 21:09:10+00:00,2024-07-27 22:31:00+00:00,-360,4909.596212506294,,,,,,True,4c40b298ddf255389ab05dcaf2ebb434ec03daa6,2024-07-27 15:09:10-06:00,2024-07-27 16:31:00-06:00
f773731c752cdad6b8db4b75cb41df9904545062,Walking,Jason’s Apple Watch,"<<HKDevice: 0xc7fac4c30>, name:Apple Watch, manufacturer:Apple Inc., model:Watch, hardware:Watch7,4, software:10.5, creation date:2024-05-17 08:32:17 +0000>",2024-07-28 15:42:57+00:00,2024-07-28 16:49:54+00:00,-360,4017.062901973724,,,,,,True,2ee638c0554601e3f0e701f260bd3b0414ade854,2024-07-28 09:42:57-06:00,2024-07-28 10:49:54-06:00
2d35f65e51b4879e385280a641ddcefbca25f9bb,Walking,Jason’s Apple Watch,"<<HKDevice: 0xc81f12620>, name:Apple Watch, manufacturer:Apple Inc., model:Watch, hardware:Watch7,4, software:10.6, creation date:2024-08-04 06:41:20 +0000>",2024-08-06 01:15:57+00:00,2024-08-06 02:23:49+00:00,-360,4072.249683260917,,,,,,True,caec7322de94169ff079fc47a0405cefee69a1ef,2024-08-05 19:15:57-06:00,2024-08-05 20:23:49-06:00
669d69e19c7f62bf201cd7dd2b836fc561127049,Walking,Jason’s Apple Watch,"<<HKDevice: 0xc81f12620>, name:Apple Watch, manufacturer:Apple Inc., model:Watch, hardware:Watch7,4, software:10.6, creation date:2024-08-04 06:41:20 +0000>",2024-08-08 00:33:03+00:00,2024-08-08 00:56:52+00:00,-360,1428.2523536682127,,,,,,True,e507d2484bab433b726729fea4f8f1b5fad77dc5,2024-08-07 18:33:03-06:00,2024-08-07 18:56:52-06:00
05e3099a9a0b22fb3bfe2184820a5e2532125cb3,Walking,Jason’s Apple Watch,"<<HKDevice: 0xc81f12620>, name:Apple Watch, manufacturer:Apple Inc., model:Watch, hardware:Watch7,4, software:10.6, creation date:2024-08-04 06:41:20 +0000>",2024-08-08 01:31:00+00:00,2024-08-08 02:05:35+00:00,-360,2074.8175123929977,,,,,,False,,2024-08-07 19:31:00-06:00,2024-08-07 20:05:35-06:00
cab8ce8e4046e5df0e9d26d86f80946aaaa96a42,Hiking,Jason’s Apple Watch,"<<HKDevice: 0xc81f12620>, name:Apple Watch, manufacturer:Apple Inc., model:Watch, hardware:Watch7,4, software:10.6, creation date:2024-08-04 06:41:20 +0000>",2024-08-11 11:30:52+00:00,2024-08-11 14:45:35+00:00,-360,11682.829982042309,,,,,,True,03ff9f57347447781264e700f1aaa07606a5c2a4,2024-08-11 05:30:52-06:00,2024-08-11 08:45:35-06:00
481bd55408f38ecfaa2dac81a01120bfdfb03d6d,Walking,Jason’s Apple Watch,"<<HKDevice: 0xc81f12620>, name:Apple Watch, manufacturer:Apple Inc., model:Watch, hardware:Watch7,4, software:10.6, creation date:2024-08-04 06:41:20 +0000>",2024-08-14 19:31:35+00:00,2024-08-14 20:40:03+00:00,-360,4108.734093666077,,,,,,True,91e1207835a3873b285d4c5f7c35fb9a851f61fc,2024-08-14 13:31:35-06:00,2024-08-14 14:40:03-06:00
aeaf645990f5b93b8088f322d0f702d4b31ddff3,Walking,Jason’s Apple Watch,"<<HKDevice: 0xc81f12620>, name:Apple Watch, manufacturer:Apple Inc., model:Watch, hardware:Watch7,4, software:10.6, creation date:2024-08-04 06:41:20 +0000>",2024-08-15 18:20:58+00:00,2024-08-15 19:20:21+00:00,-360,3434.8411099910736,,,,,,True,6d386b2be6ae1c17d35198a04f03d3f7eccb8d9a,2024-08-15 12:20:58-06:00,2024-08-15 13:20:21-06:00
255f92a521b7af2c44f008a7fd63694a6860265e,Walking,Jason’s Apple Watch,"<<HKDevice: 0xc81f12620>, name:Apple Watch, manufacturer:Apple Inc., model:Watch, hardware:Watch7,4, software:10.6, creation date:2024-08-04 06:41:20 +0000>",2024-08-16 22:04:46+00:00,2024-08-16 23:34:56+00:00,-360,5409.620345711708,,,,,,True,eaa3e03aa71537a9df347f28d160348c49dedb0b,2024-08-16 16:04:46-06:00,2024-08-16 17:34:56-06:00
5756aa4be9b7df32820a0c6d1c75f1ed2f5fafd7,Walking,Jason’s Apple Watch,"<<HKDevice: 0xc81f12620>, name:Apple Watch, manufacturer:Apple Inc., model:Watch, hardware:Watch7,4, software:10.6, creation date:2024-08-04 06:41:20 +0000>",2024-08-19 00:14:47+00:00,2024-08-19 01:24:29+00:00,-360,4182.291212320328,,,,,,True,07f12d28fdccf3738a698294ce1a9816de078ec4,2024-08-18 18:14:47-06:00,2024-08-18 19:24:29-06:00
cdc7e514b1ce312b2ad85759295c5fb668e30fb0,Walking,Jason’s Apple Watch,"<<HKDevice: 0xc81f12e90>, name:Apple Watch, manufacturer:Apple Inc., model:Watch, hardware:Watch7,4, software:10.6.1, creation date:2024-08-19 21:47:06 +0000>",2024-08-23 23:56:21+00:00,2024-08-24 01:09:16+00:00,-360,4375.028701901436,,,,,,True,b01f86f70c4c3d979b2b94c7580b04d92fecb161,2024-08-23 17:56:21-06:00,2024-08-23 19:09:16-06:00
f34820451b7550fff0287ab3a377695e49736a5f,Walking,Jason’s Apple Watch,"<<HKDevice: 0xc81f12e90>, name:Apple Watch, manufacturer:Apple Inc., model:Watch, hardware:Watch7,4, software:10.6.1, creation date:2024-08-19 21:47:06 +0000>",2024-08-24 20:03:14+00:00,2024-08-24 21:01:20+00:00,-360,3381.1316199302673,,,,,,True,a28e9a3dbb6cd2a02989cc25e6adbe089d10aa9b,2024-08-24 14:03:14-06:00,2024-08-24 15:01:20-06:00
176559ae883b439e7146a47dc0982343b2969e1d,Walking,Jason’s Apple Watch,"<<HKDevice: 0xc81f12e90>, name:Apple Watch, manufacturer:Apple Inc., model:Watch, hardware:Watch7,4, software:10.6.1, creation date:2024-08-19 21:47:06 +0000>",2024-08-24 23:35:01+00:00,2024-08-25 00:10:57+00:00,-360,2156.649428963661,,,,,,True,83205d75478c225814e8d182b6056df38aa64619,2024-08-24 17:35:01-06:00,2024-08-24 18:10:57-06:00
b86b484a316b1f78f8c5b9e2930b2317764ba706,Walking,Jason’s Apple Watch,"<<HKDevice: 0xc81f12e90>, name:Apple Watch, manufacturer:Apple Inc., model:Watch, hardware:Watch7,4, software:10.6.1, creation date:2024-08-19 21:47:06 +0000>",2024-08-25 01:06:04+00:00,2024-08-25 01:36:30+00:00,-360,1826.3998721838,,,,,,True,42743010a194f046ef048d9fbdaabdb3c7723e56,2024-08-24 19:06:04-06:00,2024-08-24 19:36:30-06:00
93c32faba2395e742d8da517b3815949682f2509,Running,Jason’s Apple Watch,"<<HKDevice: 0xc81f12e90>, name:Apple Watch, manufacturer:Apple Inc., model:Watch, hardware:Watch7,4, software:10.6.1, creation date:2024-08-19 21:47:06 +0000>",2024-08-25 23:38:50+00:00,2024-08-25 23:50:09+00:00,-360,654.3882679939272,,,,,,True,bd2645133edcc1a88c337320630f719f2964789b,2024-08-25 17:38:50-06:00,2024-08-25 17:50:09-06:00
cae3474465828f5992e79e201c78c2492b75c083,Walking,Jason’s Apple Watch,"<<HKDevice: 0xc81f12e90>, name:Apple Watch, manufacturer:Apple Inc., model:Watch, hardware:Watch7,4, software:10.6.1, creation date:2024-08-19 21:47:06 +0000>",2024-08-25 23:53:18+00:00,2024-08-26 00:04:56+00:00,-360,698.2656069993973,,,,,,True,bd2645133edcc1a88c337320630f719f2964789b,2024-08-25 17:53:18-06:00,2024-08-25 18:04:56-06:00
d0ec97d6889034d43f014133e02fef6cf655fe33,Running,Jason’s Apple Watch,"<<HKDevice: 0xc81f12e90>, name:Apple Watch, manufacturer:Apple Inc., model:Watch, hardware:Watch7,4, software:10.6.1, creation date:2024-08-19 21:47:06 +0000>",2024-08-26 00:19:38+00:00,2024-08-26 00:37:57+00:00,-360,1099.7402909994125,,,,,,True,5b1f7ac9037d052b291ff16fd61e5486c76c1c57,2024-08-25 18:19:38-06:00,2024-08-25 18:37:57-06:00
d976ef161ff8a816ae3c8d9f0653d98744a11e56,Running,Jason’s Apple Watch,"<<HKDevice: 0xc81f12e90>, name:Apple Watch, manufacturer:Apple Inc., model:Watch, hardware:Watch7,4, software:10.6.1, creation date:2024-08-19 21:47:06 +0000>",2024-08-27 23:52:41+00:00,2024-08-28 00:03:56+00:00,-360,627.0114418268203,,,,,,True,ba2b22620df785a6ec6ce3a3808ddbc5868e3f9c,2024-08-27 17:52:41-06:00,2024-08-27 18:03:56-06:00
6f41b2c5767d0f9773e0cbafe4a9ff9a935bc09a,Walking,Jason’s Apple Watch,"<<HKDevice: 0xc81f12e90>, name:Apple Watch, manufacturer:Apple Inc., model:Watch, hardware:Watch7,4, software:10.6.1, creation date:2024-08-19 21:47:06 +0000>",2024-08-28 00:08:01+00:00,2024-08-28 00:59:45+00:00,-360,3103.4132885932927,,,,,,True,ba2b22620df785a6ec6ce3a3808ddbc5868e3f9c,2024-08-27 18:08:01-06:00,2024-08-27 18:59:45-06:00
0f473f0051cf7ce184218a8f03f896ea6fa979ca,Hiking,Jason’s Apple Watch,"<<HKDevice: 0xc81f12e90>, name:Apple Watch, manufacturer:Apple Inc., model:Watch, hardware:Watch7,4, software:10.6.1, creation date:2024-08-19 21:47:06 +0000>",2024-08-30 19:43:41+00:00,2024-08-30 22:59:57+00:00,-360,10037.909432053566,,,,,,True,67e3b6fa03a990d644f6650dd1d4b5bf1c56d63a,2024-08-30 13:43:41-06:00,2024-08-30 16:59:57-06:00
8a997ad36a0531f4be7639e7ddbc8c47019ab0d4,Walking,Jason’s Apple Watch,"<<HKDevice: 0xc81f12e90>, name:Apple Watch, manufacturer:Apple Inc., model:Watch, hardware:Watch7,4, software:10.6.1, creation date:2024-08-19 21:47:06 +0000>",2024-09-06 23:50:30+00:00,2024-09-07 00:57:38+00:00,-360,4028.0555137395863,,,,,,True,87fb265b52fd6eb75c04dfc6d16c5d52de569b44,2024-09-06 17:50:30-06:00,2024-09-06 18:57:38-06:00
1d7d7e94d41dca4871e34e5922f2f1a3558bf04d,Running,Jason’s Apple Watch,"<<HKDevice: 0xc81f12e90>, name:Apple Watch, manufacturer:Apple Inc., model:Watch, hardware:Watch7,4, software:10.6.1, creation date:2024-08-19 21:47:06 +0000>",2024-09-15 15:58:45+00:00,2024-09-15 16:36:40+00:00,-360,2070.6020309925084,,,,,,True,8269c7a2f125d7b4b03fa1192ec4a2a86a091366,2024-09-15 09:58:45-06:00,2024-09-15 10:36:40-06:00
9ffca15b62cdfae8a3852b165be0031979de4975,Walking,Jason’s Apple Watch,"<<HKDevice: 0xc81f12e90>, name:Apple Watch, manufacturer:Apple Inc., model:Watch, hardware:Watch7,4, software:10.6.1, creation date:2024-08-19 21:47:06 +0000>",2024-09-16 13:54:07+00:00,2024-09-16 14:28:43+00:00,-360,2076.529025912285,,,,,,True,7df5f34dadd53acf49c740b66bd435009006cc3d,2024-09-16 07:54:07-06:00,2024-09-16 08:28:43-06:00
94915ae9538a291d2fd2e836128342f8a1c88ce0,Walking,Jason’s Apple Watch,"<<HKDevice: 0xc81f12e90>, name:Apple Watch, manufacturer:Apple Inc., model:Watch, hardware:Watch7,4, software:10.6.1, creation date:2024-08-19 21:47:06 +0000>",2024-09-17 14:29:08+00:00,2024-09-17 15:00:48+00:00,-360,1899.0804497003558,,,,,,True,0666e9a6eb842e41552112cf1c13981f14d1d46b,2024-09-17 08:29:08-06:00,2024-09-17 09:00:48-06:00
a83b631e95addffd8e11f0bb600382b18a27df77,Walking,Jason’s Apple Watch,"<<HKDevice: 0xc81f12e90>, name:Apple Watch, manufacturer:Apple Inc., model:Watch, hardware:Watch7,4, software:10.6.1, creation date:2024-08-19 21:47:06 +0000>",2024-09-28 21:58:22+00:00,2024-09-28 23:12:15+00:00,-360,4433.196715831757,,,,,,True,9ea35110e862f3c75006ebbcf64fd9cbc71b5cd4,2024-09-28 15:58:22-06:00,2024-09-28 17:12:15-06:00
44008a48a7a239ba0062246dfb2830fbc56c6514,Walking,Jason’s Apple Watch,"<<HKDevice: 0xc81f12e90>, name:Apple Watch, manufacturer:Apple Inc., model:Watch, hardware:Watch7,4, software:10.6.1, creation date:2024-08-19 21:47:06 +0000>",2024-10-08 23:50:09+00:00,2024-10-09 01:17:33+00:00,-360,5244.352203965187,,,,,,True,c5d687deb174757a380a9c0fc685551b1b9bb6ee,2024-10-08 17:50:09-06:00,2024-10-08 19:17:33-06:00
ef244fd54d6dd828b070789960733789142c0f84,Walking,Jason’s Apple Watch,"<<HKDevice: 0xc81f12e90>, name:Apple Watch, manufacturer:Apple Inc., model:Watch, hardware:Watch7,4, software:10.6.1, creation date:2024-08-19 21:47:06 +0000>",2024-10-13 00:07:54+00:00,2024-10-13 00:33:37+00:00,-360,1543.2470419406893,,,,,,True,2bc1d41b68833803c2b419e7edd37366369bf963,2024-10-12 18:07:54-06:00,2024-10-12 18:33:37-06:00
5b0ef92d810b5b756ccb0ef74c976be198f31470,Walking,Jason’s Apple Watch,"<<HKDevice: 0xc81f12e90>, name:Apple Watch, manufacturer:Apple Inc., model:Watch, hardware:Watch7,4, software:10.6.1, creation date:2024-08-19 21:47:06 +0000>",2024-10-13 03:22:07+00:00,2024-10-13 03:50:34+00:00,-360,1707.2884861230852,,,,,,True,4714336cc42df0ca3b1ecc0cd6fba70782086594,2024-10-12 21:22:07-06:00,2024-10-12 21:50:34-06:00
4587c0679cdec84761230941f8260fb0de0b8781,Walking,Jason’s Apple Watch,"<<HKDevice: 0xc81f98140>, name:Apple Watch, manufacturer:Apple Inc., model:Watch, hardware:Watch7,4, software:11.1, creation date:2024-10-30 08:40:34 +0000>",2024-11-02 16:23:32+00:00,2024-11-02 17:14:06+00:00,-360,3034.503265976906,,,,,,True,3ffae62b5e89e2eea68104c0879c946bd786f98f,2024-11-02 10:23:32-06:00,2024-11-02 11:14:06-06:00
5c517750f9e91ad97a9d73502eaa84729f2750ac,Running,Peloton,,2025-01-06 12:37:26+00:00,2025-01-06 13:07:26+00:00,-360,1800.0,,,,,,False,,2025-01-06 05:37:26-07:00,2025-01-06 06:07:26-07:00
c7084037398a14506427e591cd5eb78a8c5d6b4f,Running,Peloton,"<<HKDevice: 0xc81f98230>, name:Apple Watch, manufacturer:Apple Inc., model:Watch, hardware:Watch7,4, software:11.2, creation date:2024-12-13 06:18:30 +0000>",2025-01-08 13:21:47+00:00,2025-01-08 13:52:56+00:00,-360,1868.8026380538943,,,,,,False,,2025-01-08 06:21:47-07:00,2025-01-08 06:52:56-07:00
c74f74fb6332009715a102a4169b7ec8b9ed4444,Walking,Jason’s Apple Watch,"<<HKDevice: 0xc81f98370>, name:Apple Watch, manufacturer:Apple Inc., model:Watch, hardware:Watch7,4, software:11.3.1, creation date:2025-02-18 07:07:38 +0000>",2025-03-02 20:09:35+00:00,2025-03-02 21:20:27+00:00,-360,4252.598835706711,,,,,,True,dba9dc3dbb5f6d15d01dce5ac2fa752452058495,2025-03-02 13:09:35-07:00,2025-03-02 14:20:27-07:00
273ce86206044b201f688badb6bb6cddb3b1c0c4,Walking,Jason’s Apple Watch,"<<HKDevice: 0xc81f98370>, name:Apple Watch, manufacturer:Apple Inc., model:Watch, hardware:Watch7,4, software:11.3.1, creation date:2025-02-18 07:07:38 +0000>",2025-03-08 16:12:12+00:00,2025-03-08 16:54:43+00:00,-360,2550.6462393999104,,,,,,True,129128da23c2b5327258cbdd108be759e5c8ba93,2025-03-08 09:12:12-07:00,2025-03-08 09:54:43-07:00
a22c0ad609daeacfd118a33eb049a12efb241a89,Walking,Jason’s Apple Watch,"<<HKDevice: 0xc81f98370>, name:Apple Watch, manufacturer:Apple Inc., model:Watch, hardware:Watch7,4, software:11.3.1, creation date:2025-02-18 07:07:38 +0000>",2025-03-08 17:18:37+00:00,2025-03-08 18:01:37+00:00,-360,2580.158543229103,,,,,,True,23c8286e6ebc4e33c785121e63c82325b2ded2c9,2025-03-08 10:18:37-07:00,2025-03-08 11:01:37-07:00
b837e903214e08f64e5ac0be72832261197048c1,Walking,Jason’s Apple Watch,"<<HKDevice: 0xc81f98370>, name:Apple Watch, manufacturer:Apple Inc., model:Watch, hardware:Watch7,4, software:11.3.1, creation date:2025-02-18 07:07:38 +0000>",2025-03-09 22:48:35+00:00,2025-03-10 00:00:45+00:00,-360,4330.233410716057,,,,,,True,9babbe3541f951a457783d2ed5a31b59f8e9bcb6,2025-03-09 16:48:35-06:00,2025-03-09 18:00:45-06:00
b5651afc3d7d09d37fb28d85c339b179faf9546d,Hiking,Jason’s Apple Watch,"<<HKDevice: 0xc81f98370>, name:Apple Watch, manufacturer:Apple Inc., model:Watch, hardware:Watch7,4, software:11.3.1, creation date:2025-02-18 07:07:38 +0000>",2025-03-23 15:18:56+00:00,2025-03-23 17:00:27+00:00,-360,6091.353695273399,,,,,,True,6f8649ab095ed58d6296758e9445ab57344e6283,2025-03-23 09:18:56-06:00,2025-03-23 11:00:27-06:00
b83f730dcb693b2503afdd71a9daa27526591b3b,Walking,Jason’s Apple Watch,"<<HKDevice: 0xc81f98370>, name:Apple Watch, manufacturer:Apple Inc., model:Watch, hardware:Watch7,4, software:11.3.1, creation date:2025-02-18 07:07:38 +0000>",2025-04-01 23:01:22+00:00,2025-04-02 00:07:16+00:00,-360,3953.74809229374,,,,,,True,9ae4fde7afe8955abef5f471d1471d4675acf2ce,2025-04-01 17:01:22-06:00,2025-04-01 18:07:16-06:00
693465165afa9ea71a0cd5cddbb1ca12eb05979e,Walking,Jason’s Apple Watch,"<<HKDevice: 0xc81f98a50>, name:Apple Watch, manufacturer:Apple Inc., model:Watch, hardware:Watch7,4, software:11.4, creation date:2025-04-07 08:40:21 +0000>",2025-04-11 21:32:18+00:00,2025-04-11 22:59:58+00:00,-360,5259.814844965935,,,,,,True,119629ed90d0573cecbf7d06a11d3826c44a4f8b,2025-04-11 15:32:18-06:00,2025-04-11 16:59:58-06:00
1c6fd49abc5dce870630bacae8768e5a83c6ab37,Walking,Jason’s Apple Watch,"<<HKDevice: 0xc81f98a50>, name:Apple Watch, manufacturer:Apple Inc., model:Watch, hardware:Watch7,4, software:11.4, creation date:2025-04-07 08:40:21 +0000>",2025-04-15 22:28:17+00:00,2025-04-16 00:18:51+00:00,-360,6634.465541005134,,,,,,True,d75862546eab81ec190849f4d7bd46c3269c1d3d,2025-04-15 16:28:17-06:00,2025-04-15 18:18:51-06:00
1b62d2046f0bb8e7dae6b97bf1ce0d61f9953233,Walking,Jason’s Apple Watch,"<<HKDevice: 0xc81f98a50>, name:Apple Watch, manufacturer:Apple Inc., model:Watch, hardware:Watch7,4, software:11.4, creation date:2025-04-07 08:40:21 +0000>",2025-04-22 23:35:33+00:00,2025-04-23 01:00:03+00:00,-360,5070.28033721447,,,,,,True,46435e56f372f1ffcc97322369fbd4fc94a8be87,2025-04-22 17:35:33-06:00,2025-04-22 19:00:03-06:00
4a04d9932982774bc628d8256ef2248976929bb8,Walking,Jason’s Apple Watch,"<<HKDevice: 0xc81f98a50>, name:Apple Watch, manufacturer:Apple Inc., model:Watch, hardware:Watch7,4, software:11.4, creation date:2025-04-07 08:40:21 +0000>",2025-04-23 23:02:02+00:00,2025-04-24 00:07:53+00:00,-360,3950.40458881855,,,,,,True,117a5928747a6981c589285f9168c65626bd646f,2025-04-23 17:02:02-06:00,2025-04-23 18:07:53-06:00
6ef4973cd4c301ee0749d6277a9278a200372c53,Running,Jason’s Apple Watch,"<<HKDevice: 0xc81f98a50>, name:Apple Watch, manufacturer:Apple Inc., model:Watch, hardware:Watch7,4, software:11.4, creation date:2025-04-07 08:40:21 +0000>",2025-04-26 22:45:46+00:00,2025-04-26 23:25:02+00:00,-360,2295.685636281967,,,,,,True,6798266fd072a8078a6d35346111169dfccd47a5,2025-04-26 16:45:46-06:00,2025-04-26 17:25:02-06:00
6fc15eaa28db03d8e5b70bb8e439b9db93130661,Walking,Jason’s Apple Watch,"<<HKDevice: 0xc81f98a50>, name:Apple Watch, manufacturer:Apple Inc., model:Watch, hardware:Watch7,4, software:11.4, creation date:2025-04-07 08:40:21 +0000>",2025-04-27 18:02:37+00:00,2025-04-27 19:24:09+00:00,-360,4891.470108985901,,,,,,True,bfd49c7058c875dc18642fcbc2cb7d4834b78bfb,2025-04-27 12:02:37-06:00,2025-04-27 13:24:09-06:00
93d780bb063affc2e24741b590245be54612f987,Walking,Jason’s Apple Watch,"<<HKDevice: 0xc81f98a50>, name:Apple Watch, manufacturer:Apple Inc., model:Watch, hardware:Watch7,4, software:11.4, creation date:2025-04-07 08:40:21 +0000>",2025-04-30 22:56:27+00:00,2025-05-01 00:17:03+00:00,-360,4835.287003040314,,,,,,True,f1f4593a86ffce75732f9bb1cc406864205d42c3,2025-04-30 16:56:27-06:00,2025-04-30 18:17:03-06:00
2c5e6099346e7c33d34d7922d6e94f00f60d07d5,Walking,Jason’s Apple Watch,"<<HKDevice: 0xc81f98a50>, name:Apple Watch, manufacturer:Apple Inc., model:Watch, hardware:Watch7,4, software:11.4, creation date:2025-04-07 08:40:21 +0000>",2025-05-03 01:11:34+00:00,2025-05-03 02:22:46+00:00,-360,4271.808737277985,,,,,,True,cd387aed0610b21caf6b6980b5c71f97fca22cc2,2025-05-02 19:11:34-06:00,2025-05-02 20:22:46-06:00
6ebec10f8199d0e5fa490ca7e022cceeb988d753,Walking,Jason’s Apple Watch,"<<HKDevice: 0xc81f98a50>, name:Apple Watch, manufacturer:Apple Inc., model:Watch, hardware:Watch7,4, software:11.4, creation date:2025-04-07 08:40:21 +0000>",2025-05-08 20:14:18+00:00,2025-05-08 21:49:32+00:00,-360,5713.572583079338,,,,,,True,894858dc446244c0d488accdf0d3f59944b7a5b0,2025-05-08 14:14:18-06:00,2025-05-08 15:49:32-06:00
364fe7b4dc77349afce4fce84757e14f130fba49,Walking,Jason’s Apple Watch,"<<HKDevice: 0xc81f993b0>, name:Apple Watch, manufacturer:Apple Inc., model:Watch, hardware:Watch7,4, software:11.5, creation date:2025-05-20 08:14:31 +0000>",2025-05-20 19:27:16+00:00,2025-05-20 20:15:56+00:00,-360,2919.8831942081447,,,,,,True,5576789299ab6bdeef4b280e3a3d44cc4aeae80c,2025-05-20 13:27:16-06:00,2025-05-20 14:15:56-06:00
5071d252919d2ceab824a6c87b920e9e005d2bf8,Walking,Jason’s Apple Watch,"<<HKDevice: 0xc81f993b0>, name:Apple Watch, manufacturer:Apple Inc., model:Watch, hardware:Watch7,4, software:11.5, creation date:2025-05-20 08:14:31 +0000>",2025-05-21 18:11:56+00:00,2025-05-21 20:12:35+00:00,-360,7239.024451971054,,,,,,True,bff50011c3e86cd379ae53772ab07beb0b056bbe,2025-05-21 12:11:56-06:00,2025-05-21 14:12:35-06:00
b826b89dcd51996a7071fa3e1a21cf41b39b988f,Walking,Jason’s Apple Watch,"<<HKDevice: 0xc81f993b0>, name:Apple Watch, manufacturer:Apple Inc., model:Watch, hardware:Watch7,4, software:11.5, creation date:2025-05-20 08:14:31 +0000>",2025-05-23 17:28:38+00:00,2025-05-23 18:34:43+00:00,-360,3964.286984086037,,,,,,True,4ddd46f5dc60662aff60c1937e279b64282a7b48,2025-05-23 11:28:38-06:00,2025-05-23 12:34:43-06:00
51a4b1f6eac83468d772312e38dbfa4a166ec694,Walking,Jason’s Apple Watch,"<<HKDevice: 0xc81f993b0>, name:Apple Watch, manufacturer:Apple Inc., model:Watch, hardware:Watch7,4, software:11.5, creation date:2025-05-20 08:14:31 +0000>",2025-05-27 19:40:50+00:00,2025-05-27 21:04:14+00:00,-360,5004.452330708504,,,,,,True,ef5d8e3edf615ecabc6a2d905acfc41d01bc244d,2025-05-27 13:40:50-06:00,2025-05-27 15:04:14-06:00
be59e72e6aa9c49c6ead53655c3199cfcb596d72,Walking,Jason’s Apple Watch,"<<HKDevice: 0xc81f993b0>, name:Apple Watch, manufacturer:Apple Inc., model:Watch, hardware:Watch7,4, software:11.5, creation date:2025-05-20 08:14:31 +0000>",2025-05-30 17:09:41+00:00,2025-05-30 18:30:22+00:00,-360,4840.121789574623,,,,,,True,686268da73b582a3f71f6a7099970b9d246ac9a0,2025-05-30 11:09:41-06:00,2025-05-30 12:30:22-06:00
ce75e0baf642c6ce23437c1b58a48e460e58a1e3,Walking,Jason’s Apple Watch,"<<HKDevice: 0xc81f993b0>, name:Apple Watch, manufacturer:Apple Inc., model:Watch, hardware:Watch7,4, software:11.5, creation date:2025-05-20 08:14:31 +0000>",2025-06-01 17:16:44+00:00,2025-06-01 18:49:27+00:00,-360,5562.814238071442,,,,,,True,97fc6abfc8993d77e1bae53c0fcc8495f55151a1,2025-06-01 11:16:44-06:00,2025-06-01 12:49:27-06:00
c86f2cd982c0cd7cb2b674a83e958f6b15f01ed0,Walking,Jason’s Apple Watch,"<<HKDevice: 0xc81f993b0>, name:Apple Watch, manufacturer:Apple Inc., model:Watch, hardware:Watch7,4, software:11.5, creation date:2025-05-20 08:14:31 +0000>",2025-06-02 18:45:29+00:00,2025-06-02 20:02:58+00:00,-360,4648.680472493172,,,,,,True,8b13c138df4e115ea7a581e0bc9e0dd8bb4e325a,2025-06-02 12:45:29-06:00,2025-06-02 14:02:58-06:00
cad29774ef56f3782015e804625f894b0308fc71,Walking,Jason’s Apple Watch,"<<HKDevice: 0xc81f993b0>, name:Apple Watch, manufacturer:Apple Inc., model:Watch, hardware:Watch7,4, software:11.5, creation date:2025-05-20 08:14:31 +0000>",2025-06-05 22:25:26+00:00,2025-06-06 00:01:49+00:00,-360,5782.6336398124695,,,,,,True,38daab08deb46aeb4a4ce18aa4550854363ac9a2,2025-06-05 16:25:26-06:00,2025-06-05 18:01:49-06:00
27b83dd36040abe1f16225dc09ec80b1f86715ea,Walking,Jason’s Apple Watch,"<<HKDevice: 0xc81f993b0>, name:Apple Watch, manufacturer:Apple Inc., model:Watch, hardware:Watch7,4, software:11.5, creation date:2025-05-20 08:14:31 +0000>",2025-06-15 19:19:00+00:00,2025-06-15 19:53:13+00:00,-360,2053.6311700344086,,,,,,True,7f31a70593b9f317c6ff8a55611b0d5a3cd3e26a,2025-06-15 13:19:00-06:00,2025-06-15 13:53:13-06:00
29d9221b10b496c7db3c845e34ca702bb020030f,Walking,Jason’s Apple Watch,"<<HKDevice: 0xc81f993b0>, name:Apple Watch, manufacturer:Apple Inc., model:Watch, hardware:Watch7,4, software:11.5, creation date:2025-05-20 08:14:31 +0000>",2025-07-14 19:49:55+00:00,2025-07-14 21:18:11+00:00,-360,5165.617069482803,,,,,,True,ceeaebbd84aab9c52e67ddb6cf7352038227b343,2025-07-14 13:49:55-06:00,2025-07-14 15:18:11-06:00
3f22ecb8eb1a2ad215478613e5c906b7337b9e09,Walking,Jason’s Apple Watch,"<<HKDevice: 0xc81f993b0>, name:Apple Watch, manufacturer:Apple Inc., model:Watch, hardware:Watch7,4, software:11.5, creation date:2025-05-20 08:14:31 +0000>",2025-07-19 19:59:25+00:00,2025-07-19 21:26:20+00:00,-360,5215.031049132347,,,,,,True,107b44ea1b66635b9ff42eef85af823a5064915f,2025-07-19 13:59:25-06:00,2025-07-19 15:26:20-06:00
9e99430ffd62e5dc72562b792f8dcd04eef92535,Walking,Jason’s Apple Watch,"<<HKDevice: 0xc81f993b0>, name:Apple Watch, manufacturer:Apple Inc., model:Watch, hardware:Watch7,4, software:11.5, creation date:2025-05-20 08:14:31 +0000>",2025-07-25 18:03:24+00:00,2025-07-25 20:06:30+00:00,-360,7386.011035680774,,,,,,True,d1b6421a1328538ecf43562b3714da483c16b70c,2025-07-25 12:03:24-06:00,2025-07-25 14:06:30-06:00
b71e0a4acf45ecae11eb7b4aba32b54f89215b7b,Walking,Jason’s Apple Watch,"<<HKDevice: 0xc81f993b0>, name:Apple Watch, manufacturer:Apple Inc., model:Watch, hardware:Watch7,4, software:11.5, creation date:2025-05-20 08:14:31 +0000>",2025-07-26 21:55:00+00:00,2025-07-26 22:51:54+00:00,-360,3413.3175154924393,,,,,,True,b827dd0528527ee4bd2c16b0e7c7298365822242,2025-07-26 15:55:00-06:00,2025-07-26 16:51:54-06:00
65e5f1fe0a22b8cdebdb210ef855cdc6a3e5c5f0,Walking,Jason’s Apple Watch,"<<HKDevice: 0xc81f9a0d0>, name:Apple Watch, manufacturer:Apple Inc., model:Watch, hardware:Watch7,4, software:11.6, creation date:2025-08-02 08:05:04 +0000>",2025-08-02 19:39:24+00:00,2025-08-02 20:43:03+00:00,-360,3364.384913921356,,,,,,True,0728d1c62f21c5b58437b7ea798ebb24214d41ce,2025-08-02 13:39:24-06:00,2025-08-02 14:43:03-06:00
07c7a34bd28cdc03ad7a808332bf4bd7c1033552,Walking,Jason’s Apple Watch,"<<HKDevice: 0xc81f9a0d0>, name:Apple Watch, manufacturer:Apple Inc., model:Watch, hardware:Watch7,4, software:11.6, creation date:2025-08-02 08:05:04 +0000>",2025-08-07 22:10:26+00:00,2025-08-07 23:30:23+00:00,-360,4797.221593618393,,,,,,True,0020bd8af75f003ba8ba6f5e142863d12e81bd46,2025-08-07 16:10:26-06:00,2025-08-07 17:30:23-06:00
5edfefdd9d2c05a7f16028e93d1fc2d75707976e,Walking,Jason’s Apple Watch,"<<HKDevice: 0xc81f9a0d0>, name:Apple Watch, manufacturer:Apple Inc., model:Watch, hardware:Watch7,4, software:11.6, creation date:2025-08-02 08:05:04 +0000>",2025-08-09 20:12:21+00:00,2025-08-09 20:49:07+00:00,-360,2205.585869789124,,,,,,True,5ac95b93d42166c3c3f09ca1b51cfa8a18eb4d27,2025-08-09 14:12:21-06:00,2025-08-09 14:49:07-06:00
2f7bd6ea4138548a21547ab3e5258d228fbf7ba2,Walking,Jason’s Apple Watch,"<<HKDevice: 0xc81f9a0d0>, name:Apple Watch, manufacturer:Apple Inc., model:Watch, hardware:Watch7,4, software:11.6, creation date:2025-08-02 08:05:04 +0000>",2025-08-16 00:21:43+00:00,2025-08-16 00:55:19+00:00,-360,2016.0199368000033,,,,,,True,c3902566e9aacc0b372a926794e6c97c2546b22f,2025-08-15 18:21:43-06:00,2025-08-15 18:55:19-06:00
34c168105a5de1bcc69c039ed93b70a8b0b0de83,Walking,Jason’s Apple Watch,"<<HKDevice: 0xc81f9a0d0>, name:Apple Watch, manufacturer:Apple Inc., model:Watch, hardware:Watch7,4, software:11.6, creation date:2025-08-02 08:05:04 +0000>",2025-08-17 21:30:03+00:00,2025-08-17 23:20:00+00:00,-360,6597.1424479484585,,,,,,True,3499883637494ec2a83df7b724fde9c72e2ebc18,2025-08-17 15:30:03-06:00,2025-08-17 17:20:00-06:00
5c1a68a6bc697de7ada86b98751e47905a5ca5d8,Walking,Jason’s Apple Watch,"<<HKDevice: 0xc81f9a5d0>, name:Apple Watch, manufacturer:Apple Inc., model:Watch, hardware:Watch7,4, software:11.6.1, creation date:2025-08-18 05:56:07 +0000>",2025-08-18 22:29:51+00:00,2025-08-19 00:19:55+00:00,-360,6551.619347929955,,,,,,True,dc12eb3cd8f7a5219db32a7773bdc9f684516f66,2025-08-18 16:29:51-06:00,2025-08-18 18:19:55-06:00
444db25e47920caeb8108e7718b2d843d0803764,Walking,Jason’s Apple Watch,"<<HKDevice: 0xc81f9a5d0>, name:Apple Watch, manufacturer:Apple Inc., model:Watch, hardware:Watch7,4, software:11.6.1, creation date:2025-08-18 05:56:07 +0000>",2025-08-19 22:21:43+00:00,2025-08-19 23:48:38+00:00,-360,5214.222882986069,,,,,,True,b5eecd9aa4a7bf369f517d6d5314826ce52c7fed,2025-08-19 16:21:43-06:00,2025-08-19 17:48:38-06:00
a2542285a152421f7bc134b9d8d6fe324beca6a2,Walking,Jason’s Apple Watch,"<<HKDevice: 0xc81f9a5d0>, name:Apple Watch, manufacturer:Apple Inc., model:Watch, hardware:Watch7,4, software:11.6.1, creation date:2025-08-18 05:56:07 +0000>",2025-08-20 20:27:25+00:00,2025-08-20 21:57:32+00:00,-360,5402.760823249817,,,,,,True,68e161cd17130c7e8e4f3c83835f24bbd849ccae,2025-08-20 14:27:25-06:00,2025-08-20 15:57:32-06:00
491d3d69c5ab3eb28aec4844de83e745740f93d4,Walking,Jason’s Apple Watch,"<<HKDevice: 0xc81f9a5d0>, name:Apple Watch, manufacturer:Apple Inc., model:Watch, hardware:Watch7,4, software:11.6.1, creation date:2025-08-18 05:56:07 +0000>",2025-08-26 17:42:05+00:00,2025-08-26 19:21:54+00:00,-360,5989.484191894531,,,,,,True,353c8dcffa31c3ca2a4fcbb3210576b2f8cb667b,2025-08-26 11:42:05-06:00,2025-08-26 13:21:54-06:00
de5798151b0acab06944311a6e0167807514b7c9,Walking,Jason’s Apple Watch,"<<HKDevice: 0xc81f9a5d0>, name:Apple Watch, manufacturer:Apple Inc., model:Watch, hardware:Watch7,4, software:11.6.1, creation date:2025-08-18 05:56:07 +0000>",2025-08-29 20:00:23+00:00,2025-08-29 21:25:14+00:00,-360,5091.215640068054,,,,,,True,bca8e6af9280a14d7918ac5f6598728ebf58d13a,2025-08-29 14:00:23-06:00,2025-08-29 15:25:14-06:00
